,Cycle,A1,A2,A3,A4,A5,A6,A7,A8,A9,A10,A11,A12,B1,B2,B3,B4,B5,B6,B7,B8,B9,B10,B11,B12,C1,C2,C3,C4,C5,C6,C7,C8,C9,C10,C11,C12,D1,D2,D3,D4,D5,D6,D7,D8,D9,D10,D11,D12,E1,E2,E3,E4,E5,E6,E7,E8,E9,E10,E11,E12,F1,F2,F3,F4,F5,F6,F7,F8,F9,F10,F11,F12,G1,G2,G3,G4,G5,G6,G7,G8,G9,G10,G11,G12,H1,H2,H3,H4,H5,H6,H7,H8,H9,H10,H11,H12
,1,59.7072399119925,50.0600674424622,35.0077935735562,37.9174958508684,371.125336577481,44.1897840942938,39.3962422444993,371.80892373807,39.5835165030576,40.3304068954876,41.3737170724307,386.175016155174,39.4549153554744,37.1058448140493,46.6016529205208,354.539930545466,40.502817053235,309.047266035179,39.3920051432233,389.831944737403,58.4037346834175,36.1416394085127,41.4959589700356,45.3551270771577,42.3686625579485,48.5180649672557,362.412351020597,26.7620288655644,41.3274967702846,333.309627556019,355.951004152279,343.059594649174,35.9160452983242,44.9623193837115,387.141376319241,41.4787884995603,40.3488821669662,28.2471132412638,393.70561725007,49.9653120762559,60.0864265760574,342.698681548417,27.7046003998876,52.4910005635484,48.2926073362796,47.1703115339069,47.5743389469626,43.4141145396097,47.3155619757954,43.1812461780237,59.5672528721352,58.5364443966491,341.778727241828,41.4715918403745,55.5859356406409,50.6354854446154,41.5442700731428,42.4171788797994,64.5926590022837,42.6016924458554,368.385352684893,64.4265038877766,38.4522782136573,337.817510807159,46.8410170885381,38.3467924976439,43.1114215495672,41.5000633632371,47.1438512819122,44.8283651245656,44.1159349178688,40.425079709461,58.6083022087087,38.9036138474585,51.2767869671125,45.450463629867,50.3271040739673,57.1433760640421,63.1967133769422,44.1837589292199,40.7317314348975,45.0768609118859,313.703377098341,48.4254366535388,47.9259671832833,366.97756664898,64.4198012933375,47.0507054567142,58.8642066664033,355.564375709517,41.0361733823474,52.4069288452129,39.1411991789846,47.4401478595883,368.109513136921,392.196769629132
,2,68.2060956948617,55.1635977705309,37.3259538142884,26.1925541858391,486.301454673401,50.2853040788086,44.9816344746541,487.283337187162,42.8745289691069,46.0214850975808,47.2152557253703,506.251916125706,42.6718308480549,40.1059587493874,53.1921381601633,463.189290281638,45.4126225711661,402.02953928854,42.35068008095,511.242695189246,69.9449491840669,39.1627119035265,44.8868216168457,49.9669665914043,32.3193141034417,54.462835492689,473.81980738629,18.7036131558725,47.1786143282407,434.669038541301,465.425431154993,448.20535598177,39.0963756187521,49.4127325908166,507.432698585966,44.7541365141433,45.4643639762689,19.6269830832607,516.393353083082,55.0604749670729,67.9339062417057,447.19899164219,19.30074174118,59.3169645182561,55.1269778026854,53.2689975532476,56.8916798363134,31.3234843643113,52.1371039165406,31.1567378831032,71.341424205063,70.103699053936,446.265114399205,45.4780915611664,66.4399453461601,57.3875306716554,45.7647694100606,48.4271797867823,73.6189611940808,46.1375932764695,481.931186175877,73.5941222453075,26.6461719625649,440.659908424579,53.4790199629306,43.6128795994055,47.4955209659011,45.0895437372465,53.8112874545941,48.4991286900986,48.4236930577126,46.129528547317,66.8263075260857,42.1201201288823,56.5075854143624,50.0792015395709,55.4602223234579,65.2522945078445,72.0693715988946,48.6816145235671,46.4807792508955,48.7595281967724,408.221779661146,54.4785585758927,36.4775431186763,480.116292078369,73.586707808211,51.7071835294028,66.7336746005731,465.523313197582,44.5658150135951,59.5025871934813,43.5238371599344,52.1430256469266,481.936767195067,514.29402313743
,3,80.3170151554077,62.4471782154042,40.8517095718971,15.5496122952209,644.824627772106,59.0138560319438,52.9431778617418,646.182633367296,47.6992414604292,54.1406078640239,55.5483370719539,671.433078663946,47.4020953729423,44.5238454300124,62.5918938027216,613.242585963198,52.5964141594368,531.090373486032,46.754256192482,678.184025137583,86.3771108933461,43.5841502053436,49.8698778953831,56.551891346161,21.8511886614642,63.1472918069121,627.550956493861,11.0395898515508,55.5212654754951,574.948762484139,616.469647212917,593.415714869318,43.7152593665032,55.7866087263992,672.940574488111,49.5911502259041,52.8887322842002,11.6059322073115,685.065937677598,62.3286603244032,79.2749229105966,591.715905017498,11.418070340198,69.1831879956435,64.8722289797543,62.0930874928126,70.1810249241889,19.6873375154528,59.0174988859235,19.5825838917963,88.1075942708349,86.5734527892728,590.663859467107,51.2323523816685,81.9342109457994,67.10838382563,51.7877420621835,56.9965923533991,86.5167700042557,51.3188128222318,638.502312259253,86.6555518801406,15.7677347063191,582.948991161387,62.9441572240548,51.159646468147,53.7531297191681,50.3220046116257,63.3213335584969,53.8932725285395,54.6029526560142,54.2651486889226,78.5633621220368,46.8396630584884,63.9696854050499,56.6847880841187,62.7835926777389,76.81221887425,84.7383566003737,55.1019186201429,54.6821873715198,54.1762403540361,539.363209047129,63.2895586612094,24.6173750864282,636.114404706877,86.649470569786,58.3772274121711,78.0584466010287,617.009269577732,49.7135732000925,69.6914572695132,50.0311384462948,58.8766881909078,638.756330247328,682.199215748566
,4,97.5501387474224,72.8312643859226,46.2966985343137,6.58965809621532,859.766170362837,71.5163319432841,64.2808362270789,861.576844489724,54.8289509109782,65.7149406607114,67.4248976363606,895.244104885264,54.4119514331214,51.0846241147792,75.9842575339508,817.656781284249,63.1806676774577,708.120497981378,53.382243829682,904.24536685011,109.737781872883,50.1058026189066,57.255637872333,65.942926505043,11.1031937145553,75.9120398682262,836.734608658467,4.18468590423436,67.405910113016,766.59834997886,821.959529617217,791.220953159093,50.4563329684561,64.9183343271161,897.254099317473,56.8006112783287,63.7164309600976,4.63274775587524,913.421250236807,72.6927175699357,95.7148518744007,788.954540023359,4.48706093862802,83.4951156371853,78.7564877041914,74.9078233657037,89.1210453421763,8.92601148394988,68.8308147760326,8.87778917266041,111.939871318779,109.988266223545,787.551812622815,59.5115131719695,104.032727560433,81.1333663799605,60.3818602205538,69.20116238027,104.94486753037,58.9697874411986,851.336416345673,105.247336541569,6.43275591781912,777.265321548496,76.425743044585,61.9769935478107,62.6788070023122,57.9951714724657,76.8726889849968,61.8849963940793,63.4786044294424,65.8642736572929,95.3168339001732,53.8217161168723,74.6097826140394,66.1059303637712,73.2270911477199,93.2740641452192,102.818580713015,64.2579009023366,66.3731403890788,62.2057382922112,719.150945396155,76.1839426507941,12.5153678759152,848.152539609177,105.239271882781,67.932811522649,94.3915011834997,822.679026103633,57.2679059664979,84.3435443018279,59.791933257331,68.5213348907382,851.675106996438,909.598954331422
,5,122.029823651163,87.6252470632135,54.8242233551027,0.285419084870227,1145.36929762189,89.4287269909337,80.4059555468593,1147.67891690251,65.4431386399283,82.1949281042007,84.3347440088501,1192.34335476047,64.8940819107429,60.9137719894115,95.0437715273947,1090.98812086421,78.8908492562632,947.049603385211,63.4753916512636,1204.09388822379,142.87551162526,59.8033849997464,68.2928951174299,79.3288880649843,0.530476998523227,94.8009020344716,1116.00794972398,-1.06166759401003,84.3137969132031,1023.85560585139,1096.23546491707,1055.69527436665,60.3552960359002,78.0075157144956,1195.12807936087,67.6574667851683,79.5943597222495,-0.499626295363669,1216.22108393519,87.4596928740866,119.62040735653,1053.34867030334,-0.705771209567502,104.333736220253,98.5123158916012,93.5962047955336,116.077643962312,-0.175420745861629,82.810748279323,-0.179811062752378,145.738606242913,143.200487149685,1051.13865652636,71.4430668566038,135.514440836208,101.415351891202,72.6342946975037,86.5596372773834,131.253989189546,70.3641001886026,1135.10762900017,131.657419594892,-0.304949161327386,1037.95979666718,95.5975884310101,77.4960567031649,75.4020360361892,69.3201910362059,96.1543892187401,73.8265135881375,76.2380981132355,82.3817594222219,119.214806309988,64.2310475753466,89.7662387148966,79.5287808208768,88.1040929725614,116.675279408749,128.600533586119,77.3052291191034,83.0185129488364,74.2079772218658,961.623063799377,95.1615680660689,0.689271140562596,1130.81902712651,131.648530584097,81.6321148830511,117.995659749537,1096.44574130182,68.4314437346311,105.444279435522,74.5947020989015,82.3431604831549,1135.0988361257,1211.28317400695
,6,156.714869674203,108.671901176168,68.3343600283361,-1.79282926992528,1514.82697766307,115.088960557473,103.294980753054,1517.60168969864,81.3662769323155,105.624041294614,108.370744417091,1576.16952020833,80.6978836612452,75.7588131362418,122.115687320597,1447.50149215909,102.365963798235,1262.56049746345,79.0078124391484,1591.06866066328,189.727655742763,74.3432455927377,84.9244191170246,98.3846489264079,-8.80784345285247,122.921740356286,1479.52353490845,-3.22416004072238,108.323093142975,1361.12512220979,1453.13978122893,1400.62892062839,74.9779652657153,96.7778118581173,1580.1420231623,84.1647595428558,103.004183074856,-2.41393563758447,1606.8575263632,108.465831711259,154.469264997927,1399.34303437932,-2.7476689617215,134.793576813645,126.566040529294,120.968341259428,154.36510822512,-6.21327121873492,102.699821173102,-6.18972610909168,193.517754650503,190.158865249545,1395.4916697661,88.6625094851388,180.264176834663,130.803363826124,90.0833639683324,111.2031217965,168.761310400163,87.479426996214,1503.83188463045,169.082304243924,-2.68252948328791,1379.4796645923,122.808321821352,99.7637440835151,93.5145958489366,86.1436377256368,123.540125581212,91.8058295090514,94.6004399676303,105.86625234357,153.254728966713,79.864644394379,111.326736512325,98.6309825083681,109.263542177043,149.869399289723,165.303882129539,95.8738954156997,106.680904979111,92.2846232821721,1281.50359545759,123.236127363891,-9.67381367112648,1498.02600778082,169.069942829818,101.276439596967,152.153121309275,1451.40910566193,85.0435992176153,135.870869777635,97.259303976738,102.154545578446,1502.59688419581,1600.73835965135
,7,205.686566159457,138.55247248553,89.8678464035183,2.87079292884209,1976.51751108135,151.809174402071,135.703821976897,1979.58711423904,105.372625048128,138.854866632832,142.454202444854,2054.99847009949,104.675414668104,98.3037023167217,160.46993574347,1897.71062202802,137.602580079469,1667.38949086914,103.081765887858,2073.18796385769,255.675717724475,96.2909317522362,110.130066591852,125.465876379999,-14.804224839284,164.948333097437,1937.38086026581,0.291072717518546,142.327836588953,1789.84009566794,1902.5003675771,1836.19216046807,96.694267431486,123.693655107662,2060.75224521643,109.439842075104,137.671097118618,1.19908761117949,2093.30933227607,138.289354687094,205.302009315724,1838.1224864393,0.80984440798602,179.429520891569,166.294833483026,161.178159495601,208.577758705618,-6.76818044604443,130.943465387833,-6.74407366455762,260.746524609745,256.255002220675,1831.24868326832,113.53342825518,243.653203083074,173.426419874118,114.893052972525,146.096376551273,222.096287131469,113.363023167972,1967.20131812208,221.923609784852,2.18233575734757,1813.1824143514,161.321343024602,131.701679016687,119.256186271436,111.254965567778,162.333072914742,119.018722968776,121.032567400235,139.18087161025,201.625575170745,103.462016435946,141.93212138144,125.765447959076,139.301288697612,196.801557386756,217.416991495895,122.25213771863,140.241084436941,119.639642111376,1691.4311609873,164.907692443136,-16.2461010463721,1959.33948514422,221.906629406094,129.4364150725,201.589051114078,1896.29960607993,109.896288747886,179.750986522607,132.176201617167,130.549035844612,1963.20282846318,2086.12809494982
,8,274.492245238574,180.856410827281,124.112715927617,18.1965810665888,2554.39635906731,204.232510280432,181.437272371824,2557.16833381411,141.605894868923,185.838297742308,190.625509269747,2652.40369169296,141.118969553266,132.574405604934,214.607562989219,2471.54958399238,190.507972550326,2198.36518967208,140.439744099862,2673.32902663437,347.90978933149,129.53042537381,148.386043912089,163.860600359761,-13.7197246581363,227.724830217289,2518.31539859145,13.8082562529426,190.325754939923,2342.69578326866,2472.31341440931,2391.41142243751,129.037996766353,162.248682871485,2661.05198099665,148.230401752808,189.085454463867,14.0489901625506,2698.36004252826,180.514017289283,279.255041626735,2401.62635002787,14.0327798090093,244.838367402798,222.341898322538,220.270259710689,284.980447561376,2.10355909838017,170.941376454562,2.08347478016731,354.730242596162,348.695376776435,2388.75657201168,149.42964971399,332.942347548042,235.163162512199,150.09167025155,195.324351483269,297.593452073381,152.638027469475,2552.78444812494,296.148687362734,18.7935028669917,2371.49269780793,215.620098412515,177.431669536319,155.752945227468,148.796742020137,217.076741834222,160.237864913303,159.045029169996,186.291261237537,270.095032154628,139.107494264797,185.255256143939,164.206928820896,181.815755512237,262.858247609398,291.095178913245,159.62995045485,187.685964943211,161.048959050317,2227.91059289903,226.726382315716,-14.9191625972817,2541.86081812808,296.123503897629,169.749437711339,272.953584272303,2456.04894583787,147.167968939531,242.937098604033,185.97586681644,171.190404309552,2542.64450698071,2690.7711962997
,9,370.515366206889,240.509069259566,177.975368508114,50.0654932323168,3172.70543894215,278.717675517409,245.684619626924,3174.68378763414,196.032574796339,251.965130942585,258.38917207824,3290.19059359863,196.274631850615,184.38937199394,290.626228759306,3092.29090811491,269.46728907339,2783.28155111398,198.044388672773,3313.15839334191,475.765073030165,179.765398546388,206.170877518109,218.107602265462,0.443176625628439,320.856856776272,3144.9909223073,44.0662203123547,257.748801935587,2945.12028154422,3086.8179404164,2992.1733920624,177.161495093878,217.332730385902,3302.38948471762,207.487745669793,265.090207633741,41.7495643361135,3343.12211609801,240.056478461751,386.037318590171,3014.08015380152,43.2797874563266,340.247620871344,300.979375089873,306.763907981445,391.905900022248,26.4332256725511,227.364376905459,26.3002143540516,484.932268931577,476.837525239118,2993.31021938131,201.088362901922,457.645318378138,324.138604652135,199.872092581543,264.44355662323,403.701188123009,212.072170656121,3182.89136833155,399.668736113207,53.8084897293948,2979.16610057717,291.770275122678,242.655812739882,207.324153382019,204.731840932836,293.920940689515,222.321091620927,213.545702767335,252.61406979001,366.419347048269,192.671459179356,246.325522164111,218.467221225796,241.746413735383,355.239856139195,394.558235758887,212.399960161872,254.449398674083,223.345693494394,2818.08037065367,317.858877091197,0.855807624371664,3168.23138826901,399.629850461992,227.271627026684,375.296827583537,3056.91325993211,202.921106495448,333.481667443711,268.215032897186,229.196268237475,3164.47302344478,3335.7194601687
,10,503.288785344063,324.153483337791,260.999643610719,106.82999853104,3833.08365869412,383.725653245705,335.397650496726,3833.43882659424,276.863234949747,344.44084677391,353.087607057157,3969.01282862951,278.789345481965,261.787420436175,396.585128841361,3765.36920899268,385.732417883084,3434.04918107001,285.539655787074,3992.83658872909,650.833488760764,255.00614742315,292.408244286557,294.372388976972,36.4293417759063,457.01483405357,3821.89156018825,100.79754098598,351.84449262136,3605.091838846,3750.38141954651,3644.03659054936,248.290660872779,295.629316984675,3985.70475138492,296.859156177595,376.363507660236,92.2714472439529,4027.5956522637,323.546845045737,538.118774403209,3682.64350904745,97.8315272949394,477.903082987232,410.475891094159,432.066711813916,540.017704531162,74.8040484808389,306.523180469568,74.4502908471404,663.060933871272,652.290821858373,3651.19815220896,274.989248426318,629.636337649102,451.086480891504,269.960209111121,360.848882785103,551.213298033444,301.109840005341,3861.05869095578,542.611788842367,116.444272386653,3643.78272326582,397.793211344317,335.052963641187,279.841145092735,287.280240977108,400.990631781686,314.634317186881,291.219739035055,345.398311673037,500.66424914431,272.222256560996,331.922028629861,294.654831000838,325.741769317668,483.291182002657,538.378289008149,286.521845143629,347.793933141211,315.835077873365,3473.45832500973,450.40258068364,40.5738593502228,3841.53895775312,542.5441086065,308.876483126512,520.31567538033,3701.69113302235,285.574069791144,462.018904423678,391.772196611488,311.531705913717,3831.30217422468,4021.3634422655
,11,684.555403121125,440.507746742219,385.489080019983,199.596622995188,4497.88339191838,530.036140085474,459.631949080977,4495.66146035579,394.782394571967,472.611452152628,484.214918824197,4649.38334780255,399.939301541374,375.263785719365,542.777918263109,4453.20501271021,553.329656338735,4117.52671278861,415.399181005428,4672.70251060675,886.546986597728,365.878222916676,418.664035209271,400.85182045677,105.865831917899,651.566159591194,4510.95315086222,196.909601373153,481.999048246048,4286.85614723479,4425.85352532048,4311.14181699926,352.072788978145,405.993309663291,4671.35877952215,428.857399955709,536.479456678817,176.152660032806,4711.80622562522,439.691844531697,750.287196224716,4370.73744557897,190.172454188842,672.836643432106,561.328048436146,610.410379281122,742.207182646714,158.538134419294,416.730611691707,157.80569537257,902.614400779133,888.513243806289,4326.28447685059,379.709588276201,862.704018237043,629.310602619452,368.012481416497,494.097310120093,753.124223495705,432.095843406579,4548.73759176748,737.28822555289,218.58705275837,4329.06324273166,543.929410365557,464.576493518024,381.121388347183,407.171297856909,548.629905090856,449.177464213949,400.873518344602,474.0539194122,685.218368272947,388.249164201395,450.922078819633,400.848517890843,442.514596463415,658.603861761909,735.386304432368,389.885536917013,477.13115727044,450.420707107784,4160.47316751232,639.120914775913,116.764701829281,4523.03527465155,737.170205037187,423.592920947508,722.074918402604,4354.17921632745,406.186763679994,641.737244352515,572.552594964188,427.381099522026,4505.16873074212,4707.83763943335
,12,927.790155132093,600.581950120196,566.077556419399,342.069435003314,5128.20133721967,730.581748484674,629.707341221721,5122.44920157618,562.826579180158,648.072854456871,663.488866353351,5290.76307199709,573.405313357815,537.70001311565,741.657440445075,5114.27259388724,788.124714621226,4792.90432195521,602.479560671291,5312.35625936957,1196.81409842521,525.54004131921,598.85407140274,548.057494118293,222.930859488971,921.107603494886,5170.80061811287,348.0232372772,659.836195523727,4949.22988327785,5073.00837383881,4954.02381740768,500.644329494139,559.637743960359,5318.4813616535,618.41117635195,761.165959079525,306.369227852067,5355.10077452763,599.482313983202,1038.14841621424,5036.8302271186,335.644478537096,941.536944410197,766.146295717709,857.827142919873,1012.71210473492,291.451038922027,568.538701478304,290.117095303179,1217.44909096944,1199.43154306273,4978.1897522802,526.125628765056,1171.10433910771,873.872217283467,503.954102233633,675.987115280053,1023.71320026929,619.897296441019,5204.58329674909,997.505354401337,374.425745235085,4993.46444268488,742.60600363602,643.465170782716,521.225967709514,577.511510409418,749.328651335702,640.208785219208,553.594351064121,650.272239977442,934.162829025787,553.556458153238,614.498549932767,547.355757303681,603.044354362648,894.598162808398,999.848470875121,532.587747154891,654.112529829107,641.238217444374,4838.14658053474,900.163230736131,244.527807210492,5171.27346618424,997.298730358317,582.762540729151,995.787563519588,4976.407542424,578.303116822808,887.586503272084,828.02173749876,588.287705682937,5146.07709994887,5354.41469483476
,13,1246.70921997601,817.457363881265,818.537815196227,549.708119781692,5692.10915317115,999.544538041439,858.877112877722,5682.03716049083,795.671130009193,884.236486094035,904.372405930105,5860.09597575636,814.357987942702,763.741620735036,1007.07612744686,5711.94468649094,1105.72881514656,5420.28246378674,862.708992060307,5879.12135517722,1593.26534183727,748.953875879582,848.246366830676,748.779976813165,403.520972370701,1280.57090265116,5765.54732722201,571.163007588293,898.784599021882,5554.41367758163,5657.15008594091,5538.09268752697,708.165163783765,769.897691836376,5893.54196457324,881.517220871043,1066.36965977074,497.718743645221,5924.62651387947,815.983202406564,1415.23119963893,5643.28736753915,551.240886668666,1299.09678980415,1038.79011133668,1189.80294287478,1365.00507691982,489.04913186011,774.603608779822,486.814188359,1618.93186474041,1596.67872313062,5570.95280642877,727.263076792294,1566.72887869693,1199.61020209758,690.051688461363,920.06967660053,1376.41587617405,880.584411623257,5793.22301406537,1336.74631520345,599.45738673608,5599.06181888529,1007.69488828004,885.670977725059,712.471648703513,813.032055098272,1016.92054358139,903.062035501772,762.499274047634,887.596626892099,1261.54277343154,782.61158417509,835.865280353421,746.645048729073,820.338243705077,1205.14434560639,1345.45816631344,726.897434532428,892.186690528973,903.514702379375,5466.67496521186,1248.4534081428,440.464572625243,5750.99569961217,1336.39174037431,799.736588761203,1355.29689261188,5536.79868616577,817.087181839755,1214.27970313041,1174.25550901736,807.839631111968,5720.49723454737,5927.98775094622
,14,1652.35608958693,1105.24623216959,1157.53879231479,837.946949891742,6170.04581857497,1350.27722718252,1161.08264473408,6155.18743875149,1107.98090481137,1194.9574168556,1220.60200442157,6337.3280042998,1137.52292011763,1068.27825466266,1352.36747487256,6221.342522541,1518.00444799866,5968.92194670126,1210.63076328162,6353.41996071906,2081.0202592469,1051.21909671632,1181.37482783331,1017.31382782957,663.78885200169,1738.8782157224,6271.29951496946,882.415483232565,1212.66924053239,6075.4768105884,6155.41117603867,6040.08794966488,989.547763846964,1051.17736722839,6375.93880907909,1232.69558932323,1464.85554756379,765.505871288176,6400.67072189305,1103.28494794455,1888.65503270559,6163.61822500838,853.336541239088,1754.79555652174,1392.32405758816,1617.39967996059,1808.16938887595,766.945969054126,1048.80507962584,763.43507475362,2111.6438805965,2085.34830926304,6079.87584004239,997.416719466443,2054.81053410049,1617.70879447556,940.372406821592,1240.13587991048,1820.21179267666,1228.88664583639,6291.57701696526,1764.87513870575,908.541969695098,6119.01167126813,1352.61567891808,1205.25767341327,968.799819198945,1128.35165527005,1364.62742765255,1251.85322128416,1041.72189679276,1200.01721349456,1678.17423087723,1089.98665871144,1129.14760664407,1012.57669926867,1108.3854497352,1601.77798429931,1781.81148048025,986.55698581653,1205.18315327198,1251.30640410751,6015.56091753036,1693.63387592715,720.860010928426,6239.61587327538,1764.28841852503,1088.73799764817,1809.08534856834,6015.68286114692,1137.39770772783,1632.83740204433,1621.50603222063,1100.44739808055,6207.22439694554,6408.48686446132
,15,2148.76675776238,1476.7206385758,1593.06764935704,1219.17306248935,6555.79654944757,1791.75437213294,1548.33519553617,6536.16619503313,1511.42720169181,1591.74018429802,1623.31028239844,6716.40362279981,1553.91193324478,1463.58055478533,1786.92195930825,6631.84494357729,2028.36881177415,6421.94539375522,1655.61423025197,6729.61859185269,2675.2795165309,1444.61804113101,1608.61517537192,1367.42358379479,1017.70051725064,2320.29209430895,6678.29275951955,1293.37662684425,1612.87367440804,6499.74900808799,6558.73148608346,6450.30454600088,1357.96611160813,1416.63350727005,6759.05776373668,1681.09801839941,1961.53945668608,1123.10825818848,6777.45673307078,1474.14385240302,2478.40589266551,6585.55858163082,1254.18240910377,2333.34216894035,1835.45688566293,2142.27822198064,2367.80940325047,1138.11162053915,1404.17078212283,1132.90784216659,2709.41380085256,2680.53934290472,6494.16799439019,1350.06964815993,2650.79896080638,2130.99947832567,1269.10882857109,1647.26420458588,2380.57974206537,1674.27655164004,6690.73068479247,2309.99803352941,1312.68743215681,6540.85166842408,1786.90081329267,1613.39344081408,1304.0028063742,1534.90866022182,1801.60489870063,1695.78989472707,1404.18353587854,1599.13248708934,2214.70600921165,1487.49880126752,1506.91089138092,1358.46623861944,1479.79376796418,2089.46864201519,2335.99049085069,1324.96352419334,1604.48220929507,1693.85628733836,6468.09582888642,2235.10142808511,1098.80505631442,6629.17533303199,2309.04724927847,1462.44015883125,2380.9171035928,6406.50886452884,1550.53087514932,2145.88560152277,2168.9787737448,1478.81348395144,6598.80747014969,6789.70215422819
,16,2748.45210008121,1939.37686223904,2125.75522700676,1698.40884126752,6853.89388935888,2349.59996299859,2026.57969511405,6830.09250212634,2010.32355210601,2079.51491618857,2116.74268615916,7002.60652820216,2066.31922605767,1954.97338452803,2337.44379583732,6945.45953888667,2648.03306419634,6776.42970748481,2197.08241043719,7013.26752377815,3300.89871083648,1934.35127875557,2131.57082491446,1808.67736441752,1473.27810483938,2943.70453933774,6988.95960780386,1806.51053522886,2104.04895764327,6827.80860048344,6869.86667491581,6770.79395195408,1820.96821032185,1874.29576178706,7047.6838048094,2225.69384065726,2570.93743158804,1578.15765770474,7060.38758778145,1936.06720885232,3105.36935866808,6909.83852509026,1757.28766931422,2954.03089714529,2393.08191288442,2771.11633861248,2969.32194550746,1608.76383987475,1849.27460504154,1601.50604618637,3337.19733594805,3306.98277779476,6815.42274277709,1794.26392471282,3278.65348436831,2749.04541131841,1687.32425351833,2145.41005051936,2982.80890542811,2216.10560463227,6993.87048546972,2899.38406985295,1814.5727219488,6865.42544163431,2337.50557924629,2113.91150188486,1728.41277655719,2036.58739989577,2353.97235215894,2261.26879076729,1857.87557550666,2089.80731331029,2798.28723613862,1979.96691459174,1976.11056285071,1793.64801992876,1941.91215361834,2683.0432092603,2933.60303775848,1751.89645472312,2094.75747828122,2257.69787648276,6821.3439339105,2874.6916453667,1580.04485821461,6924.21178229935,2898.02242118029,1928.02780565035,2993.48334187252,6713.36783114128,2059.68931127639,2762.504417621,2817.98016401427,1949.84704866028,6899.22262334212,7076.59075028368
,17,3376.82800497196,2514.38135855159,2760.95962046315,2268.56639814475,7075.49184581058,2949.47915479001,2613.03375543326,7048.72960758558,2618.38601327249,2673.03722512697,2714.04799143264,7208.34252160871,2684.9526278586,2558.45038418922,2930.80596493496,7172.90204338629,3296.83929575193,7040.15942782516,2837.51343586878,7216.89184192606,3953.96798830472,2536.45879968427,2757.60044025831,2367.43630974117,2027.85845212673,3610.42362869276,7213.96702784336,2431.83362325764,2700.15698332739,7069.68646324239,7099.42138201719,7011.44798751205,2400.53059549254,2446.84068499096,7253.87613904883,2867.85702065381,3212.64556102775,2127.76739490606,7261.88366564492,2510.28617452777,3768.33219708814,7146.42580323558,2374.93585020564,3618.33831220603,2991.73351207262,3424.62139401184,3615.69940483613,2173.53564957239,2408.59447854481,2164.0706357048,3990.29961701019,3960.65152874279,7053.75755171456,2355.55119029181,3934.55835537515,3393.91236489334,2225.79721554693,2746.73535108347,3629.88632519737,2856.46022093559,7212.25946779578,3538.21946412262,2424.57930151449,7103.04674876758,2931.13308572081,2718.84279317684,2271.09533865208,2646.09490022336,2948.59957219927,2870.56553292903,2425.84759804303,2686.37528296685,3435.95996147495,2582.51802840192,2556.43812338015,2344.67763632062,2515.74247715573,3307.62616572906,3578.74091060059,2295.30160024484,2690.11747223558,2865.45097989761,7082.92070525965,3534.36804022347,2158.21775246563,7137.43332369331,3536.4206291265,2506.11682664514,3648.40167716377,6946.88346085552,2675.86619890196,3405.42170800204,3487.48424347089,2533.19396792943,7119.77961389887,7281.13050218786
,18,4028.56679110267,3126.64610439286,3419.75368970188,2918.23719523333,7234.55599620311,3594.6678971831,3232.79511914828,7206.49882754695,3257.4300715029,3297.50326681687,3340.72042681579,7349.16060060667,3331.43640015545,3195.1424940336,3571.14789469036,7329.41105322515,3968.37106741166,7227.18364636942,3498.73871308912,7356.02200439556,4596.22396796704,3172.13388551581,3408.695872176,2968.60819660353,2680.38948391631,4280.99639119115,7368.1518258496,3086.34641528556,3326.36702185248,7240.37864910402,7261.79530706504,7185.93195971905,3019.19434081001,3058.43089002122,7393.07541161369,3529.74121910656,3882.14389438558,2769.57187987404,7397.51976436263,3121.84493562778,4428.09615051734,7310.27023402752,3023.91653001443,4286.94821851967,3634.26982691943,4093.97875947475,4270.33532134263,2824.80651925437,3008.52136267702,2813.58414716676,4630.42632861904,4603.16188724409,7223.59853714224,2958.77910222914,4579.94042942897,4058.30255440487,2811.13081738107,3376.39854310231,4285.20302417707,3517.21119416157,7361.20295775468,4191.35665891489,3063.06295874508,7269.03511595535,3571.94711546283,3352.33965794827,2858.96745804793,3285.60907632501,3589.26594044469,3527.21948753838,3033.28470147414,3313.45540914003,4093.08456345378,3217.39783032594,3172.55808579649,2938.39646810429,3126.68896086496,3959.24285783389,4235.1656944818,2882.81692163601,3315.78597497195,3520.83154438649,7266.7257351568,4202.98987740143,2824.42311750286,7285.20453842459,4189.16739195067,3121.17455427977,4307.89796630208,7120.30468110138,3320.59445431808,4067.27603952596,4165.91175781787,3152.58514401447,7275.15131293638,7418.54315014786
,19,4665.60061667999,3776.01699311825,4092.77811076324,3575.22546444197,7345.15399281045,4248.94209344071,3883.29509629171,7317.61286606604,3922.63025320618,3948.92963105021,3991.92384341924,7440.79276108229,3999.067631716,3861.37180181223,4222.93970977655,7431.36400167822,4622.35098694145,7353.79978135059,4169.97755021522,7446.32248358076,5191.7180762087,3838.05235986708,4076.56119635521,3615.29104047576,3351.25963991275,4915.73030313814,7467.41003907871,3763.04378041451,3978.14212428532,7356.1134662833,7372.10877009799,7308.58721640992,3677.46664359146,3709.87614404292,7481.22471155501,4200.04010751806,4539.35776864823,3427.37463967163,7483.19721010928,3770.70982369877,5046.54541080302,7417.78833028923,3698.45440026856,4920.20973458776,4284.69087813845,4739.15570205238,4894.82189696683,3487.36190793464,3651.59748480808,3474.93499776265,5222.08808703203,5198.5129123973,7340.32264472577,3606.85647958641,5178.54372384581,4702.61970152264,3449.91950957314,4028.7793085603,4910.35765305864,4187.36754641277,7456.88954886908,4820.47823270359,3723.38647653921,7379.95147619514,4224.26478864762,4008.68827180323,3497.69577719904,3949.84834881152,4240.36859379112,4193.7757585673,3681.65615394829,3966.60672995063,4730.79591149442,3880.75940913769,3823.31844486358,3578.84796510474,3774.69227997922,4599.90420819587,4864.18359130693,3519.72681589438,3967.39805571915,4186.61541221362,7389.10846961225,4840.95966250384,3501.62598077217,7383.99833409968,4818.03102443717,3772.80221812868,4933.52686096585,7246.75782418824,3987.54219013643,4708.88379918912,4812.56748421062,3806.77926616459,7380.38743299936,7504.55862358305
,20,5253.05093940742,4425.00843665781,4740.05823191792,4222.61524773529,7419.8957307308,4874.16200721049,4526.71430187482,7394.46479079507,4574.61701009507,4589.37348293378,4629.75442126756,7497.3350453651,4648.2808403249,4517.57198362289,4848.15459019722,7493.98304422565,5222.78382417265,7435.74230527637,4811.53449724162,7501.794344295,5714.16845893568,4494.91357412241,4721.61422842643,4270.59207808022,4027.92678108821,5483.08090890508,7526.66320836202,4420.62278737634,4617.39613541699,7431.83495399113,7444.23147791004,7392.53738208735,4337.25008936667,4363.61218306712,7532.90941789957,4839.18544989821,5147.41889629416,4088.09948947634,7533.34768751876,4419.50436116922,5594.54865579963,7484.44045768563,4357.29764474465,5486.52333341727,4905.26693775218,5325.83614857989,5457.28029690731,4145.72243733789,4301.69472556753,4132.99296007481,5739.75642876536,5720.44776376718,7418.04994730993,4263.01845922461,5703.83921233293,5291.90575233854,4106.96247284766,4665.65964684998,5473.44787608008,4827.27437722115,7514.31952232095,5392.44416623915,4365.50317370794,7451.07140307735,4849.90296156985,4649.30131166005,4152.09667142195,4599.58468303469,4864.0290484199,4830.98234086499,4334.10544043429,4607.51290081234,5314.50675284119,4533.57682905773,4470.92799953174,4230.47182980938,4422.55555372039,5194.02858007901,5433.05532148418,4171.23286871433,4606.96417210978,4823.65571575881,7466.10408063076,5415.68347865779,4173.80542821428,7448.18359016514,5389.92119601591,4423.35327583035,5494.2805936427,7337.73949091116,4637.12013592353,5295.72603058843,5394.28665524905,4457.6200507814,7449.09709015317,7553.68256798751
,21,5766.15020079686,5036.27731501069,5327.56709289413,4823.12363907237,7469.20673199725,5438.48046489147,5126.80932336167,7446.98080245599,5177.16960076664,5183.2925624413,5219.21905988029,7530.2965934783,5243.81842439129,5126.70974407308,5414.51627934609,7530.03045597889,5744.85040519802,7486.5097051321,5390.46103141239,7533.87250140856,6150.47857607513,5105.72228157715,5309.49483846001,4895.86276273049,4670.03460130752,5964.65840785702,7558.67728648985,5022.60935487305,5208.78497323752,7479.90999479497,7489.76370062123,7448.76357402532,4960.37613949357,4981.712795138,7560.3015742245,5414.67066626704,5679.91114308569,4712.70854097827,7559.92255954194,5030.93642412826,6056.23942649643,7523.2957275578,4963.30675875267,5967.41878633924,5464.6422127224,5831.62579278216,5937.97580911972,4761.29339782826,4921.16747554477,4749.21516603766,6171.10904468256,6155.9779194833,7468.51334535962,4888.86799781032,6142.56248955882,5802.48811463997,4743.18480821583,5252.22185457337,5954.70333766391,5404.16696537839,7546.07498798029,5885.48377672907,4953.70264624968,7495.01682300277,5416.47780485035,5239.13051060025,4783.62818480222,5198.99669916293,5428.26142037453,5406.16076171235,4952.96158713172,5200.60650091756,5820.61435214176,5139.35764389379,5078.3652907878,4855.29359887838,5033.13944188843,5715.63281743016,5920.9639310342,4799.37063183559,5199.1338357527,5399.23690859813,7511.67336502709,5907.09980158529,4801.69934276409,7489.06743068657,5883.07747240717,5035.51365302544,5971.68120591373,7402.59006607119,5233.8249334815,5804.43813195859,5890.9223070784,5067.83448021559,7492.50863263284,7578.17768990948
,22,6193.20553961506,5580.54454398151,5833.30365654326,5349.4348242176,7501.15144208753,5921.92225311165,5656.38173060464,7482.64131017301,5704.38624479748,5704.73211624091,5735.17736256405,7548.35159202256,5761.42904708385,5661.74157228216,5901.30142704162,7549.28518125871,6177.52357705917,7516.70470389487,5886.22740213274,7551.19047070743,6499.87925952448,5643.22056820423,5817.42039407675,5459.12879773917,5245.05134588664,6355.64050871128,7573.5027077421,5544.16546141225,5726.80254063666,7509.73457458735,7517.66661210044,7485.83313858302,5516.62465812777,5533.96706126479,7572.72543954692,5906.52822227102,6124.04166275516,5270.11203864513,7572.022154653,5575.673324477,6428.76596353488,7544.45015662452,5490.54667982462,6357.97241872204,5943.31052548105,6247.82328721925,6330.47408707325,5304.78865062108,5478.90227571899,5294.13089666638,6515.950710208,6504.47297941094,7500.70544633221,5452.64541589005,6493.88375984976,6224.3334189075,5324.25463253863,5763.92382391727,6347.64608723224,5897.7687317945,7561.82099474364,6291.09439189478,5463.38421670705,7521.3504337584,5903.26146430085,5753.53461881247,5358.8109432453,5722.67928347031,5912.69540725881,5898.87550703028,5507.72386462737,5720.21298520528,6238.96739119402,5671.44521801494,5617.1331766049,5421.11533387853,5577.20319980063,6151.72354983921,6320.50823736237,5371.20716182562,5718.29335842806,5892.75942800848,7536.88571373382,6308.66945720962,5355.76481416449,7514.84044672451,6288.94976560862,5580.13771256096,6360.40479213377,7448.5184941435,5753.06024992891,6225.07685746128,6296.16256209545,5608.82709431506,7519.20739587627,7587.58024472376
,23,6534.38949889927,6041.16821218643,6248.95396677354,5787.72187930623,7521.62595881516,6317.65225909009,6101.11398156826,7506.81780528283,6143.81617105623,6140.70819224416,6165.46991849767,7557.54973868552,6190.39682580736,6109.13163673254,6300.89428387424,7558.64161388919,6521.90313539215,7534.0134898515,6291.88009077441,7559.77636358664,6770.28354226906,6093.48413102767,6236.17441607896,5940.6626328981,5733.55066552222,6661.6231259179,7578.41889299138,5974.50407551323,6159.00410372803,7527.96841625279,7534.39023061407,7510.05826691017,5988.48832279334,6002.75787019871,7576.73726489879,6308.31924933929,6479.47145966644,5742.12855432067,7576.00039331393,6036.96999205883,6718.87849655506,7555.0557169811,5927.09650684897,6663.7008873149,6334.7632652027,6577.19226620013,6639.03632823802,5760.41114429828,5955.70390734374,5751.62912549978,6782.49702890059,6773.97013060093,7521.05660219447,5934.72919489549,6765.7304241435,6559.20809271461,5827.13991675427,6189.36280025293,6656.52034721839,6301.35596370458,7568.35451749746,6611.97347236455,5883.62573302744,7536.77081228718,6302.68687524439,6181.11103530669,5855.48967836709,6158.63369154617,6310.00380938557,6302.14272090065,5980.14232301276,6153.80011040934,6571.16507278445,6116.4695935036,6071.55564461459,5907.31721166502,6038.01844394346,6501.44667335488,6635.32176480549,5864.94974275284,6151.82262940139,6297.04645138886,7549.76859457919,6624.67970407739,5820.25306225842,7531.06805676592,6610.16824139918,6040.77402372057,6665.43135983117,7480.91138413063,6183.77928920229,6559.32540797354,6614.65918188729,6064.93427931555,7535.32132211823,7588.68172256306
,24,6798.03592324942,6414.33152980368,6577.57983797225,6136.80498061439,7534.70707848187,6629.51154944419,6459.08839378269,7523.23955103386,6495.2880952992,6490.36234453029,6509.8440052225,7561.812175685,6531.8981884847,6467.91138780607,6616.52887684214,7562.57025772,6787.18554516881,7543.62848444855,6611.43927277097,7563.54138248227,6974.01184040147,6455.16288894723,6568.09726592156,6334.0461817858,6129.87135446356,6894.20120979488,7578.24539899609,6315.06666246141,6504.99400801784,7539.0535308294,7544.28248386062,7525.85738927956,6371.53217463182,6383.49772484676,7576.54458139226,6624.41550165153,6754.49060626211,6123.91553272339,7575.92236696959,6410.87815907903,6938.55861874862,7559.79815253858,6273.5205428125,6896.13213649734,6643.01336956712,6829.78706145724,6874.38140995451,6125.48827011476,6345.33049013532,6118.71229244279,6983.15120184893,6976.87917595018,7533.91749967522,6328.70434166396,6970.50427011474,6816.60511793457,6242.27407174962,6528.95612722661,6892.05919903978,6619.10445501936,7570.06916144533,6857.95264616732,6215.53881408587,7545.68198462658,6618.06865671822,6522.33924289147,6264.78577460441,6506.99119879154,6623.61503857247,6619.89427097993,6364.90757335201,6500.93618379468,6826.53127210971,6473.46617358536,6438.64111308657,6306.35384259694,6411.61143537263,6772.5166818604,6875.84046621853,6271.87882767149,6499.15591218311,6615.85402992274,7555.68730967758,6865.96772360108,6192.72486753675,7541.35103727685,6856.49948202533,6413.76718153411,6897.81408623847,7503.69410711121,6526.92224127152,6816.5073727809,6857.58469739184,6433.24601172368,7544.95179305664,7585.88698260733
,25,6996.49497989882,6705.92613148509,6829.42252874448,6404.46791861563,7543.10064120717,6867.89395813872,6737.37357358909,7534.4359362437,6767.13044642006,6761.39955977126,6776.34604372094,7563.50567574155,6795.0493707474,6745.97880415019,6858.24319247655,7563.75865703192,6986.3755415716,7548.83687515311,6855.63504392024,7564.83826423582,7124.4067238228,6735.8644097246,6822.97410852781,6643.51299197377,6439.12893921801,7067.05819126558,7575.89903123255,6575.36982319229,6772.7769619432,7545.81710158201,7550.11574641966,7536.20103322929,6671.35570448354,6681.61583341667,7574.61138703764,6865.70910638786,6961.72733118227,6420.94598287009,7574.1567401721,6703.19342077581,7101.36520017215,7561.51563646706,6538.82111769263,7068.90676442924,6878.49395807165,7018.81602411493,7049.73954662837,6406.9795781188,6651.9700376618,6402.0966583112,7131.18920676814,7126.58270265236,7542.09717747889,6638.75881433821,7121.63380301204,7009.54299444412,6571.64533471912,6791.19234380396,7067.51830902817,6861.80993680726,7569.5599490854,7041.95156065117,6468.28569986764,7550.80760808191,6859.50509110762,6785.79550735509,6589.09243883719,6776.22520121123,6863.64687804613,6862.74859773994,6666.90077775188,6769.63060480673,7017.94471940779,6750.24085483484,6724.82387172637,6621.50591425701,6703.73031225333,6977.05568691874,7055.26981415495,6594.38118412463,6768.16435777109,6859.67683635167,7557.95055641605,7045.93654664879,6480.43056369808,7547.94335835647,7040.82336908077,6705.12401440478,7070.84511734607,7519.68780294671,6791.48222310453,7009.47021763678,7038.62529492655,6720.29960159582,7550.71042800784,7581.76393158585
,26,7142.92819070893,6927.33964654256,7017.79176198896,6603.14939077457,7548.52823294146,7045.84452575831,6947.837734212,7542.10437626611,6971.90704610774,6965.92272169007,6977.19393722322,7563.95907433445,6992.71545722181,6955.7722967022,7038.94319169998,7563.70840479588,7133.06146164147,7551.60825400481,7037.88246672495,7564.9844236031,7233.75466311676,6947.8858725264,7013.90376919578,6879.72648805817,6672.78956211824,7193.38040458275,7572.96235171381,6768.69119050305,6974.59885856432,7549.98814602604,7553.57488296005,7543.02511478768,6899.3238530019,6908.34642106861,7572.23168200268,7045.65310506584,7114.75704286485,6644.66197895415,7571.94782490941,6925.24000872008,7220.0921861292,7561.80805214047,6736.09203579517,7195.1808473349,7054.20057514911,7157.67851370937,7178.12377674517,6617.08456563171,6886.12246930673,6613.84356325578,7238.78908732517,7235.38140258444,7547.36344060801,6875.50814370571,7231.49590857072,7151.43383352989,6824.74583177525,6988.4824762295,7195.94699419888,7042.88388666668,7568.23822735694,7177.06214879198,6654.8355963565,7553.77557816495,7039.94638436649,6983.98659831402,6838.04889971105,6978.92239371681,7043.0147487218,7044.02193090712,6897.01258471022,6972.15377238346,7158.70497465764,6959.12251447678,6941.73934661178,6862.8277166092,6925.66308403108,7128.24869236912,7186.74687452615,6842.01955609169,6971.02942392101,7041.76578042493,7558.45243298817,7177.816788596,6695.84322924184,7552.23355666984,7176.21146961018,6926.29808705708,7197.48095652283,7530.90472122602,6990.28339659989,7151.4977331577,7171.20154654279,6937.82047149002,7554.18272573307,7577.62909537437
,27,7249.37309375726,7091.78610821403,7156.11321186776,6746.45715231013,7552.08109285188,7176.32430951904,7103.68023858249,7547.3772591843,7123.08233394082,7117.1108916567,7125.52714276394,7563.88102004998,7138.32819277447,7110.83451062524,7171.5829615275,7563.19020000043,7239.5354581519,7553.06421596283,7171.49465237507,7564.67426950075,7312.38796965494,7104.72764752345,7154.26392741229,7055.85748606163,6844.67691844502,7284.55733747836,7570.18987773965,6908.83654633924,7123.6490642534,7552.60392550168,7555.65458848864,7547.5718360788,7068.81774367333,7076.94382202342,7570.00507404358,7177.49139856767,7226.06275238493,6808.63351560986,7569.86917785323,7090.20657738109,7305.65697865159,7561.51995663999,6879.15559105087,7286.32986058731,7182.99314028693,7258.29202596004,7270.90939029776,6769.55585643175,7060.78668430453,6767.65816752293,7316.14375228589,7313.59013127386,7550.79989982156,7052.09406141692,7310.47973357782,7254.32390355284,7014.44037670206,7133.99614485328,7288.74168286488,7175.6005596124,7566.78477146306,7274.92332194922,6788.75136635408,7555.51648404138,7172.36295988748,7130.1537623451,7024.50259975521,7128.50198493003,7174.63235622577,7176.93005522659,7068.38182301998,7121.73378903558,7260.76360039483,7113.54890025337,7102.62215539815,7043.21808747518,7090.56414931933,7238.30634006342,7281.82579771799,7027.52892368197,7120.91933004429,7175.32370390512,7558.21090979435,7273.19757591484,6852.94975260515,7555.06302792728,7274.29640112485,7090.53443779954,7288.98358820843,7538.76258832369,7136.77243680846,7254.55205827422,7267.04525830672,7099.12346383054,7556.30869832268,7574.04515345624
,28,7325.91049601056,7211.91179401827,7256.30952401286,6847.0278594761,7554.4372636389,7270.73551426256,7217.25969609247,7551.02082156424,7233.01847856119,7227.16323744453,7233.42725289073,7563.61359440854,7244.05135048854,7223.6936167221,7267.63579086419,7562.57509151051,7316.00810602029,7553.82839629974,7268.16219332838,7564.23418526132,7368.48044029365,7218.95884637454,7256.01566524887,7184.89289727228,6968.26399940038,7349.77686678089,7567.86133136445,7008.26455158753,7232.07171310282,7554.27283555593,7556.92960365575,7550.62924641841,7192.72359819405,7200.2113192697,7568.14878411779,7272.83650599033,7306.12662860079,6925.98799933238,7568.1347747794,7210.73858445262,7366.79300161276,7561.05367816443,6980.61371027462,7351.53156349286,7276.16197108693,7330.46289666133,7337.34079228167,6877.36071824708,7188.78658033467,6876.52163716856,7371.31801174207,7369.36489183296,7553.07284609447,7181.49358720585,7366.81500255999,7328.16578615945,7153.95052387833,7239.74306413639,7355.16611249699,7271.59856084875,7565.48949615616,7345.10285692379,6882.32314651091,7556.56202795456,7268.23763513381,7236.367733374,7161.55335354993,7237.24533933694,7269.92320560688,7273.09478794815,7193.81418112533,7230.54767647122,7334.00698706182,7225.97010665678,7220.02451821433,7175.62514398674,7211.05694004043,7317.51679756308,7349.9281896461,7163.9125769578,7229.99024954463,7271.98606574801,7557.72708896506,7341.52478828302,6964.9011551647,7556.95407905508,7344.64779783904,7210.48794201157,7354.49086686692,7544.26746957094,7243.15266951393,7328.55090664733,7335.68134414538,7216.81283309567,7557.63780319416,7571.16707260218
,29,7380.50529477998,7298.59051364187,7328.16751908899,6915.53221626942,7556.02076658843,7338.39278779122,7299.07889590018,7553.54552499267,7312.08649314752,7306.37292882279,7311.04691043237,7563.31999655078,7320.00062136597,7304.91603873953,7336.50451429522,7562.0109967576,7370.51617746611,7554.22728606955,7337.42978596204,7563.81620137023,7408.26994251016,7301.20594120047,7329.03257426737,7278.20187448028,7055.27828218892,7396.12542842926,7566.02519775623,7077.3274430359,7310.0700706313,7555.3576458413,7557.72861152607,7552.70405663856,7282.18402644172,7289.21272245408,7566.6946699079,7341.13149926062,7363.25730633931,7008.092287641,7566.77316313324,7297.72447537409,7410.20930626175,7560.59170844427,7050.97463465948,7397.87095938368,7342.91265875951,7381.85597620914,7384.58616486791,6951.55168250537,7281.36724628509,6951.52741771966,7410.44974374926,7408.91920946563,7554.59503431499,7275.08178833033,7406.77011421314,7380.77095296063,7255.11425772813,7315.76047910462,7402.39802113923,7340.38043035746,7564.43756888781,7395.07000872086,6945.7751332102,7557.20032299532,7336.97153900518,7312.71811268366,7260.89890622116,7315.43887166252,7338.23581181159,7342.00170897576,7284.45852550708,7308.8265761239,7386.18110937659,7306.89049591251,7304.6748489154,7271.50331611879,7298.02060272024,7374.06128228021,7398.37455174913,7262.78943581478,7308.47220370229,7341.26938358169,7557.22476087153,7390.13755658666,7042.89278268324,7558.23221797155,7394.74029116691,7297.03486570168,7401.07519604507,7548.12026688465,7319.58566996828,7381.28948232345,7384.50127390121,7301.66415572036,7558.48298149203,7568.9633645164
,30,7419.23108966558,7360.58393210593,7379.33357369991,6960.46904492864,7557.09366589589,7386.53780904771,7357.52336480197,7555.30128254005,7368.50117580969,7362.91576433935,7366.43536443139,7563.05694424064,7374.14624669383,7362.89002913069,7385.53522203789,7561.55080040291,7409.15699673375,7554.43974072139,7386.71690495465,7563.46523460371,7436.37498086521,7359.93737416044,7381.04378680136,7345.03662215528,7115.22791619407,7428.91511165112,7564.63708306486,7124.15555142659,7365.72800198007,7556.0711393005,7558.24112088874,7554.12273184996,7346.19099904195,7352.8936207289,7565.59959912767,7389.72232594414,7403.78978010236,7064.13980325131,7565.74724201693,7359.94356331936,7440.90628076275,7560.19803279407,7098.54241913692,7430.65560853545,7390.40643772158,7418.26604536726,7418.02294858583,7000.97925458517,7347.69171712545,7001.57768217273,7438.09101049846,7436.85598911528,7555.62573346314,7342.12496124489,7434.99366365436,7418.04666371316,7327.7252706396,7369.97984835241,7435.82339984249,7389.31874386778,7563.62778772239,7430.46557108325,6987.1675352027,7557.60235064274,7385.90291103827,7367.17283124755,7332.18151014057,7371.21934623228,7386.86608583205,7391.03475037022,7349.35472449767,7364.68872161239,7423.15190228059,7364.65806885462,7365.18321356545,7340.2490994088,7360.22562917755,7414.18703818831,7432.66750303388,7333.74471823269,7364.48449295279,7390.57805500349,7556.79084683524,7424.55624533628,7095.87409117338,7559.10487874264,7430.22478068691,7358.92728863318,7434.04591912119,7550.81933452748,7374.08204430573,7418.67182311476,7419.05693353463,7362.31032389599,7559.03286546643,7567.32318818829
,31,7446.58641895127,7404.63387212007,7415.57727575663,6988.32656214187,7557.82501208728,7420.62942215328,7399.02136785635,7556.52334319407,7408.52232628814,7403.04367392333,7405.73703594598,7562.8454847241,7412.53696082437,7404.03387616816,7420.26283805917,7561.19579189097,7436.44375688426,7554.55297897508,7421.61444902226,7563.19124371001,7456.17513721672,7401.62460697006,7417.89927953859,7392.58495957344,7155.47456830312,7452.03391817142,7563.61441926438,7154.92092381025,7405.21466960418,7556.55053896388,7558.57342515458,7555.10026720848,7391.68827862934,7398.16126203957,7564.79464863573,7424.12145037446,7432.42836758422,7101.23212047018,7564.99069289013,7404.15835367428,7462.54247720001,7559.89047291218,7129.63042863529,7453.77196691379,7424.03322318106,7443.96712519123,7441.60712054149,7032.43743242996,7394.87939194714,7033.50987540325,7457.56029024705,7456.53516333822,7556.32864673474,7389.82492939179,7454.87276870234,7444.36121381021,7379.45602196987,7408.4306636902,7459.39662720616,7423.96773666117,7563.02553474492,7455.44508084422,7012.61711943208,7557.86015104776,7420.56019368526,7405.79460379684,7382.95659221706,7410.78780327826,7421.30950202522,7425.75367283246,7395.50668084818,7404.31977463084,7449.24794913482,7405.65476039172,7408.16191031976,7389.19013308252,7404.43694143754,7442.54539604403,7456.85895853738,7384.29334388601,7404.23137246724,7425.49710765923,7556.44360503953,7448.83800303631,7130.71336961877,7559.70659082559,7455.2692311644,7402.90615748524,7457.30272801008,7552.71051640139,7412.72164447403,7445.06867100925,7443.43341969953,7405.38661000382,7559.39624190317,7566.12758718778
,32,7465.85723585079,7435.79672920282,7441.15918016318,7003.93992648894,7558.32695326883,7444.68315276626,7428.35836840637,7557.37333948587,7436.79718859841,7431.40262861832,7433.50346676988,7562.68401494466,7439.64647626402,7433.10743753294,7444.77421430795,7560.92921320307,7455.65889054328,7554.61493550582,7446.23891983963,7562.98144263864,7470.09418627435,7431.0892621282,7443.91537442719,7426.24476211613,7181.54397450225,7468.29800236733,7562.87264919512,7174.19172033389,7433.11242328257,7556.87509522153,7558.79520127591,7555.7754836005,7423.87834829441,7430.19102138524,7564.21176488664,7448.39055697139,7452.60291157826,7124.69265967108,7564.44521281794,7435.43582742536,7477.75960477498,7559.6598965419,7148.92044309994,7470.03698644575,7447.75830432203,7462.06255560095,7458.20222689921,7051.00032992987,7428.2910251971,7052.43290928078,7471.24450777399,7470.36836107696,7556.81223804441,7423.59438194289,7468.84888924615,7462.88846112223,7416.11621271709,7435.59586205222,7475.98422593697,7448.41272843982,7562.58567343825,7473.03018471745,7026.65626873631,7558.02852075941,7445.01764040295,7433.07696795952,7418.93226252906,7438.73978771664,7445.61594212206,7450.25056695073,7428.16959976154,7432.32466522935,7467.62201010715,7434.62475290796,7438.55671395547,7423.85389694499,7435.71155555986,7462.52620179554,7473.88372124305,7420.11123465646,7432.31910764053,7450.13613021961,7556.18089901802,7465.9267603717,7152.5327750798,7560.11983650282,7472.90087672421,7434.01438206768,7473.66801922404,7554.03284496313,7440.00938183706,7463.65475770332,7460.58863544011,7435.84778872319,7559.64174751623,7565.26363447074
,33,7479.40341842448,7457.76460097946,7459.16858232488,7010.8371978545,7558.67529340489,7461.61276672651,7449.03561596601,7557.96711377504,7456.71745246382,7451.3848520659,7453.06902479772,7562.56279586523,7458.73913444703,7453.59589141769,7462.02546509784,7560.73529654532,7469.1647275347,7554.64836348112,7463.57197875277,7562.82710333078,7479.86529278131,7451.85151328281,7462.23232388859,7449.99107827057,7197.49953837499,7479.7200453935,7562.33915777677,7185.29521906501,7452.77021353414,7557.09845147815,7558.94271271724,7556.24239825528,7446.57824541637,7452.77889767007,7563.79483108524,7465.46847095626,7466.78695072368,7138.4323580372,7564.05262068401,7457.49063156094,7488.44450121864,7559.48911035204,7159.81683022692,7481.4599884248,7464.45644261066,7474.77590298605,7469.85998481468,7060.37852912203,7451.86272577161,7062.08285179251,7480.85119749632,7480.08035363559,7557.14467495037,7447.42089502585,7478.65954529702,7475.90915066533,7441.99743800821,7454.73031645242,7487.63519103278,7465.61719222435,7562.27094750486,7485.38273365294,7032.58492539874,7558.14040180097,7462.233559931,7452.2940163728,7444.33101229326,7458.43374335884,7462.72549200879,7467.49254105426,7451.20947605007,7452.05165353094,7480.53351342781,7455.03892621026,7459.98234944548,7448.32044598209,7457.76474359154,7476.57628472678,7485.84337093348,7445.396910568,7452.1088112086,7467.47870278069,7555.98414565519,7477.93276980342,7165.07894700398,7560.40485989942,7485.29332899932,7455.94648237289,7485.16147592773,7554.9574770635,7459.22664672199,7476.72026814081,7472.64064031036,7457.32120705196,7559.8085216445,7564.64729764361
,34,7488.91387255554,7473.22127504056,7471.82345093581,7011.56016529967,7558.9171002626,7473.50925990188,7463.57475884467,7558.38261371329,7470.72250106394,7465.43312978695,7466.82105041726,7562.47697778567,7472.15921731962,7467.99971863589,7474.14809474552,7560.5945411175,7478.64346204315,7554.66749549167,7475.7501622214,7562.71682423678,7486.71515406269,7466.45244658735,7475.10678435571,7466.70079444792,7206.27927814778,7487.73373081724,7561.9594531879,7190.62257501781,7466.59195512507,7557.25190643911,7559.04679383086,7556.56617294974,7462.54704581559,7468.67006895173,7563.49579301865,7477.467395048,7476.74665322921,7145.27336120223,7563.77391438827,7473.00647192164,7495.94193412149,7559.36272694882,7164.77455685319,7489.47470088865,7476.1877542637,7483.69954718272,7478.03946361515,7063.24507321423,7468.45185270938,7065.16589389585,7487.59081326365,7486.8893546235,7557.37823460491,7464.18843424903,7485.54009360794,7485.04682313175,7460.21937394981,7468.18145539531,7495.81132312094,7477.70393478536,7562.04372896754,7494.05276759962,7032.77071668766,7558.21527079047,7474.32716439366,7465.80126247299,7462.21273654428,7472.2774164935,7474.74431331462,7479.60634235097,7467.42111294753,7465.9242530149,7489.59532976409,7469.39404657042,7475.05461535104,7465.54097937248,7473.27740588466,7486.44264015723,7494.23386420645,7463.19884755418,7466.02149647012,7479.66566060671,7555.84190889344,7486.35820907146,7171.05135943726,7560.60315957478,7493.9883142373,7471.37377604455,7493.22492698974,7555.60161931909,7472.73556478123,7485.89102106099,7481.09657334008,7472.4247357655,7559.92070961609,7564.20894794939
,35,7495.58566030732,7484.07457689803,7480.70314531938,7007.92823988249,7559.08704150301,7481.85499869072,7473.78626588238,7558.67245037687,7480.55580886711,7475.29719431745,7476.47958008804,7562.41411305563,7481.58309400588,7478.11486465581,7482.65301418632,7560.49444981738,7485.29097174532,7554.67922588025,7484.29283053524,7562.64055584886,7491.51677884977,7476.70593789331,7484.1406368379,7478.43727426031,7209.99169235482,7493.35164781808,7561.69193995774,7191.87280341956,7476.29588620303,7557.35569802651,7559.11510577862,7556.79217567179,7473.76329039639,7479.83098672304,7563.28636872582,7485.88578856498,7483.73174535882,7147.24470590308,7563.57492965431,7483.90493630818,7501.19766970408,7559.27253358876,7165.54035152733,7495.09159778147,7484.42268297301,7489.9543564151,7483.77147844615,7061.51562669199,7480.10682693466,7063.61036723525,7492.31533496382,7491.66193184419,7557.54038721215,7475.96902371566,7490.35894521596,7491.45666425819,7473.02529257853,7477.62302209644,7501.54213748862,7486.18628423772,7561.88194022181,7500.13127208421,7028.90904592124,7558.26720663682,7482.81413815603,7475.28364172386,7474.7782048667,7481.99727872202,7483.17877747963,7488.10991746002,7478.81076378492,7475.66153854257,7495.94940291937,7479.47542025603,7485.63525974857,7477.6431527038,7484.17544523836,7493.36182668711,7500.11353191051,7475.70924154373,7475.789314565,7488.21544522971,7555.73954629247,7492.26475915451,7172.38509945447,7560.74055363817,7500.08655061153,7482.20872460139,7498.87612006997,7556.05492939562,7482.22166165204,7492.32365714021,7487.02216668984,7483.02991369466,7559.99826234061,7563.90197760026
,36,7500.25797682812,7491.69241135207,7486.92837454243,7001.23014575537,7559.20339881258,7487.70634257764,7480.94883527755,7558.87767920432,7487.45040456292,7482.21646992249,7483.25133782095,7562.37063558304,7488.18967957675,7485.20664524164,7488.61746310615,7560.42252092125,7489.94741345302,7554.68904403498,7490.28221575493,7562.58641804396,7494.88142768174,7483.89971760199,7490.47762783524,7486.67553469624,7210.1324862936,7497.28806629609,7561.50185440339,7190.25789812711,7483.10072549964,7557.42767566574,7559.16545224385,7556.94908959571,7481.63335606828,7487.66210385648,7563.1378350012,7491.78720627453,7488.62902249691,7145.7841219647,7563.43615026451,7491.55076936082,7504.87892000759,7559.2083930683,7163.36324631676,7499.02679817786,7490.19432503144,7494.33694170103,7487.78963580689,7056.5462651691,7488.28400087039,7058.79068406617,7495.62476961066,7495.00463373002,7557.65328253558,7484.23362475302,7493.7330957895,7495.9472622476,7482.01491785542,7484.24489813775,7505.55594832894,7492.13229510174,7561.76556804052,7504.3937416025,7022.19705048865,7558.30251325035,7488.76349202892,7481.9331936813,7483.59700150328,7488.81088498765,7489.09118550192,7494.06988913548,7486.79972260152,7482.49204573647,7500.40405061836,7486.5457662938,7493.06104614046,7486.13407850923,7491.81870293294,7498.20926485741,7504.23574934434,7484.48848215834,7482.64049747209,7494.20990733341,7555.66619805917,7496.40185476404,7170.45324257942,7560.83792974909,7504.35793172949,7489.80994297083,7502.83776238811,7556.37295898244,7488.87279638389,7496.82900683972,7491.1744461908,7490.47006245679,7560.05274026925,7563.68581690443
,37,7503.53165499354,7497.0287719705,7491.29208516211,6992.38044319797,7559.28634269018,7491.80422505286,7485.9708649189,7559.01987377327,7492.28156417018,7487.06576172586,7487.99839671892,7562.33709650824,7492.81841366788,7490.17640145219,7492.79479409118,7560.37471249336,7493.21232587316,7554.69361572954,7494.47606706714,7562.54792983796,7497.23719747738,7488.94202379944,7494.91726983699,7492.44920372019,7207.76279032669,7500.04437748607,7561.36782427226,7186.62536888685,7487.86872660335,7557.47875978757,7559.19683389342,7557.06151312512,7487.15106464107,7493.15168532483,7563.03420871955,7495.92077875271,7492.05851251405,7141.91675462895,7563.33730956785,7496.91000824789,7507.45493774933,7559.1639751809,7159.11301588395,7501.78101379573,7494.2362324739,7497.40820681859,7490.6043515846,7049.30673901542,7494.01925128487,7051.67439764753,7497.94164569042,7497.3458861905,7557.7312454526,7490.02643606003,7496.09849934316,7499.09300648796,7488.32019542076,7488.88723601729,7508.36739596685,7496.29886341409,7561.68702075618,7507.37676635279,7013.4891192385,7558.32628657883,7492.93331812846,7486.59393653163,7489.77969893918,7493.58462922287,7493.23509467655,7498.24379139024,7492.40331638138,7487.27845877269,7503.52368455092,7491.49959929625,7498.26588569922,7492.08771325238,7497.17650555885,7501.60394177517,7507.12441453414,7490.64712573641,7487.4445080062,7498.40822797422,7555.61616789071,7499.30036679121,7166.22709642171,7560.90673085997,7507.3523354676,7495.13863813512,7505.61253543094,7556.5971676652,7493.53318336674,7499.98266891376,7494.08301782033,7495.68655522022,7560.09221661195,7563.53355523263
,38,7505.8228766143,7500.76761164981,7494.34598774421,6982.01882957751,7559.34187817599,7494.67874338697,7489.48581962959,7559.11917518461,7495.6662684127,7490.46275284319,7491.32055980745,7562.31561224897,7496.06092864241,7493.65897656715,7495.72405922381,7560.33990628032,7495.49761761241,7554.69600558171,7497.4141969546,7562.51965837362,7498.88635185927,7492.47346078252,7498.02759997782,7496.49620510413,7203.6318528435,7501.97410681391,7561.27272413536,7181.58514130593,7491.21083994457,7557.51448522466,7559.21998749882,7557.13891961872,7491.01448386451,7496.99673222328,7562.95770953775,7498.81669062808,7494.45820730776,7136.35458137068,7563.26894041305,7500.66323320938,7509.25758294331,7559.13149320587,7153.41291976432,7503.71032947993,7497.06638423981,7499.55762581186,7492.57607102394,7040.47005372945,7498.03427196415,7042.94906928869,7499.56305477949,7498.98257607506,7557.78550338339,7494.08532814343,7497.75382033585,7501.29293963064,7492.73779884184,7492.13847459333,7510.33590329629,7499.21502052836,7561.63321629845,7509.46538675844,7003.3769759114,7558.34583930697,7495.85466616698,7489.85710713362,7494.11450071947,7496.92793122419,7496.13830897396,7501.16635847932,7496.32864608845,7490.63373371851,7505.70722663217,7494.96887625983,7501.91211610542,7496.25939896921,7500.92886928367,7503.98353443139,7509.1483343843,7494.96009638724,7490.80868741502,7501.35306620997,7555.58259965088,7501.33009617056,7160.39147512222,7560.95625705635,7509.44682110117,7498.87238764841,7507.55691656391,7556.75335522611,7496.79698841169,7502.19022119659,7496.11953258431,7499.33947873512,7560.11551307646,7563.42544497565
,39,7507.43040047036,7503.38634926448,7496.48717662753,6970.59399011195,7559.3812474538,7496.6904403543,7491.94632964104,7559.18595335413,7498.03665992821,7492.84023350626,7493.64930520762,7562.30161862491,7498.33079755206,7496.0969238077,7497.77370248567,7560.31586767815,7497.0982947117,7554.69454931807,7499.47278147905,7562.50007741308,7500.04192403799,7494.94350980982,7500.20311484004,7499.32838643977,7198.26419637407,7503.32354388864,7561.20760176632,7175.55142933676,7493.54816230745,7557.5409119421,7559.23450269596,7557.19338488588,7493.71906030782,7499.69036374153,7562.90385931781,7500.84472437757,7496.13706366525,7129.60510143979,7563.22132962885,7503.2921778856,7510.5221544024,7559.10750393542,7146.69459938599,7505.0602701083,7499.05043979829,7501.06261690596,7493.95309069789,7030.5161524571,7500.84558587462,7033.09315445176,7500.69896217625,7500.12948084556,7557.82486493389,7496.9273139075,7498.91386615606,7502.8363679397,7495.83232587665,7494.41413973426,7511.7141253991,7501.25769353334,7561.59390612622,7510.92688574619,6992.27756170132,7558.35707336501,7497.90218209586,7492.14329837136,7497.1500410746,7499.27227911899,7498.17310945696,7503.21519402657,7499.07827949029,7492.98235753234,7507.23359479355,7497.3995072406,7504.46209826758,7499.18130453587,7503.55734108235,7505.64928962564,7510.56424368779,7497.98469622137,7493.16482591256,7503.41406826456,7555.55914888718,7502.75212068549,7153.42556999751,7560.98926980052,7510.91348101682,7501.48578530255,7508.91554395,7556.86201421523,7499.08460178183,7503.74039794443,7497.54422395106,7501.89860683998,7560.1335418437,7563.34997681285
,40,7508.55591633871,7505.22232596369,7497.98483837844,6958.42603564951,7559.40840974643,7498.09781041052,7493.66907161765,7559.23447092945,7499.69687276417,7494.50597223385,7495.27783143113,7562.29114042277,7499.92044847214,7497.80255439984,7499.21029842982,7560.29557868236,7498.21716804457,7554.69615620606,7500.91483167077,7562.48465356146,7500.84999496492,7496.67408934364,7501.724858565,7501.31324387436,7192.03100989476,7504.27086411597,7561.16136460597,7168.82561816068,7495.18831077725,7557.55563756415,7559.24616011329,7557.22805507042,7495.61426292134,7501.57763075302,7562.867951543,7502.26548944177,7497.31264239645,7122.02269428528,7563.18617525903,7505.13228030419,7511.40809781967,7559.09176457298,7139.26432943333,7506.00560677019,7500.43941137523,7502.1162406557,7494.91600041529,7019.77352712211,7502.81235960329,7022.44580097877,7501.49327018509,7500.93153974057,7557.8497625251,7498.9203425037,7499.72315294439,7503.91454243488,7497.99757295083,7496.00682511311,7512.67854236862,7502.68670257834,7561.56454184985,7511.95030458596,6980.48915229137,7558.36695828051,7499.3360941117,7493.74343751261,7499.27597373721,7500.9123618253,7499.59814400183,7504.64954400092,7500.99967811865,7494.62648193655,7508.30411246756,7499.09919196004,7506.2487739683,7501.22779243139,7505.39915813955,7506.81358443723,7511.55504462253,7500.09883773377,7494.81211193741,7504.85583429026,7555.54008127702,7503.74598428405,7145.6678570745,7561.01067668374,7511.93988395179,7503.31627317611,7509.86701260825,7556.93846530098,7500.6867229628,7504.82393912776,7498.54124204689,7503.68862328605,7560.14664933701,7563.2954548604
,41,7509.34234069999,7506.50799379431,7499.03455499173,6945.73774011304,7559.42892588152,7499.08142557679,7494.87541564242,7559.27002608416,7500.85937707478,7495.66956121381,7496.42073042374,7562.28208570251,7501.03315028634,7498.99703781308,7500.21464753214,7560.28514178478,7498.99994806113,7554.69678321456,7501.92340461249,7562.47439408805,7501.4155096546,7497.88521449736,7502.79194624743,7502.70172308483,7185.18739297323,7504.93443186687,7561.12928589155,7161.61254556257,7496.33227964225,7557.56831209145,7559.25467763738,7557.2560736603,7496.94162026703,7502.89887484791,7562.84438349838,7503.25858746318,7498.13762131836,7113.85816169221,7563.1622682896,7506.42157494175,7512.02776405038,7559.07940893687,7131.33291823356,7506.66770414354,7501.41145716313,7502.8542457765,7495.59095679064,7008.48547802927,7504.19155006265,7011.24458593102,7502.04784119579,7501.49273043271,7557.86857348562,7500.31255916142,7500.29094453567,7504.67095950948,7499.51429570228,7497.12085796432,7513.35076286022,7503.68691767326,7561.54351372037,7512.66760243665,6968.21893078718,7558.37018383817,7500.33905350456,7494.86280723409,7500.76346138427,7502.060683846,7500.59482631368,7505.65327723674,7502.34621558204,7495.77545104249,7509.05389303205,7500.28871685734,7507.50017144146,7502.66034719563,7506.69016577165,7507.629139891,7512.24603789322,7501.58157454941,7495.96511018544,7505.86377170317,7555.52513808812,7504.44090960767,7137.35491763722,7561.02503607599,7512.65822371598,7504.59615307317,7510.53199665305,7556.99135392259,7501.80505906898,7505.58133111853,7499.23877472589,7504.94278137151,7560.15865431578,7563.25790762432
,42,7509.89272523678,7507.40539015173,7499.76562460979,6932.68767014896,7559.44500149426,7499.77270033852,7495.72094097372,7559.2966917608,7501.67344242479,7496.48492625323,7497.21968516035,7562.27621618976,7501.81195206151,7499.83354645141,7500.91877564294,7560.27781208481,7499.54814509932,7554.7003307495,7502.6263572744,7562.46760786855,7501.81021493176,7498.73298219767,7503.54007402683,7503.67473449518,7177.91941125892,7505.39690318033,7561.10575392761,7154.05821253051,7497.13548566005,7557.5747113804,7559.25949641215,7557.27547973018,7497.8720199407,7503.82328891409,7562.82963227824,7503.95289534905,7498.71574083308,7105.2872937173,7563.14580192499,7507.3242315556,7512.4595155655,7559.07424891678,7123.04865017674,7507.12922443127,7502.08897934058,7503.37325293623,7496.06521564193,6996.81325849328,7505.15779352727,6999.65596553559,7502.43418295298,7501.88447492728,7557.88176317574,7501.29003261438,7500.68640334799,7505.19774875415,7500.57608812411,7497.90111900829,7513.82244040806,7504.38848219269,7561.52984352763,7513.16861084928,6955.61231326916,7558.37258779721,7501.04003658269,7495.64694883857,7501.80394516039,7502.86300053911,7501.29154287265,7506.35307740554,7503.2914131554,7496.58172296935,7509.57873980817,7501.12255127375,7508.37769267253,7503.66143048786,7507.59385745856,7508.20018059118,7512.73096213333,7502.6166103731,7496.77174518805,7506.57193504916,7555.5169616743,7504.92649315419,7128.65621016707,7561.03617499104,7513.15914685512,7505.49392810884,7511.00001341427,7557.02636172,7502.58843355527,7506.10819738976,7499.72906365594,7505.82015065226,7560.16271460736,7563.2318924648
,43,7510.27471674265,7508.03207944538,7500.2791142442,6919.38227077766,7559.45561199259,7500.25570639695,7496.31325059215,7559.3146665972,7502.24186352774,7497.055534759,7497.78013954941,7562.2739797424,7502.35909104659,7500.41934532515,7501.40996852804,7560.27350103211,7499.93167117651,7554.70006168924,7503.12091328971,7562.46470918781,7502.08858391415,7499.3259218575,7504.06404166317,7504.35476908691,7170.35611182681,7505.71890969487,7561.08883308483,7146.26858089786,7497.69637341425,7557.58336620733,7559.26245825305,7557.29012000779,7498.51955071003,7504.46975827733,7562.81866791116,7504.43802993848,7499.11825029161,7096.42647794444,7563.13620986456,7507.95456289833,7512.76298787241,7559.06915345353,7114.52054053979,7507.45396466765,7502.56450348822,7503.73424286287,7496.39841315057,6984.8714669402,7505.83327504347,6987.79695604825,7502.70697496727,7502.16074580874,7557.89193391695,7501.97339992416,7500.96426390988,7505.5698276486,7501.31825642625,7498.44863358863,7514.15093005991,7504.87878242147,7561.51992759112,7513.51969751886,6942.76595891747,7558.37517280394,7501.53081297537,7496.1969990165,7502.53144414569,7503.42784625163,7501.77923198865,7506.84415808442,7503.95186437484,7497.14685330119,7509.9446602931,7501.70581839548,7508.98921411284,7504.36346064581,7508.22673189495,7508.59994044676,7513.06899111823,7503.34238876972,7497.33555495511,7507.06669485027,7555.51053028624,7505.26780021192,7119.68838632714,7561.04356091684,7513.50880999587,7506.12092415633,7511.32765631258,7557.04965442744,7503.13465223843,7506.47862292075,7500.07124690547,7506.43587708525,7560.16408990844,7563.21562888466
,44,7510.54521028045,7508.47111692464,7500.63638796955,6905.89940914,7559.46209899589,7500.59559074731,7496.7282270733,7559.32618537219,7502.63921103203,7497.45726431389,7498.17021129091,7562.27134302006,7502.74068074244,7500.82619278449,7501.75413393721,7560.26694610847,7500.20094887629,7554.70077402123,7503.46790641637,7562.46164991176,7502.28002029755,7499.74041838925,7504.43050631799,7504.83190454182,7162.58743170352,7505.94537425143,7561.07918404809,7138.31019363084,7498.08994966244,7557.58704982757,7559.26670545537,7557.29672742716,7498.97333843952,7504.92085199843,7562.80984372218,7504.77895019569,7499.40080296304,7087.3672129075,7563.12833718589,7508.39473574757,7512.97614501745,7559.06554583715,7105.82121055684,7507.67998081244,7502.89551385509,7503.98568569357,7496.62928790326,6972.73889655107,7506.30539192728,6975.74572557755,7502.89879279372,7502.35416865495,7557.8955455177,7502.45243970276,7501.16095180161,7505.82657226617,7501.83786102951,7498.83271919613,7514.3820439439,7505.22328912933,7561.51517268272,7513.76266822368,6929.75441236727,7558.37706179122,7501.87361266884,7496.58273146157,7503.0420514458,7503.82090587885,7502.11979961747,7507.18607216983,7504.41315858324,7497.54017804273,7510.19929359846,7502.11633038612,7509.41682315825,7504.85485544433,7508.66725910951,7508.87895858288,7513.30859694531,7503.84893582954,7497.73250043575,7507.41470149293,7555.50703772027,7505.50588668398,7110.5307900036,7561.05099282872,7513.75654089549,7506.56021230662,7511.55663828014,7557.0670651602,7503.52011750255,7506.74089544006,7500.31158147163,7506.86661527262,7560.16629903273,7563.20315959299
,45,7510.73143630665,7508.77968328396,7500.88960221729,6892.29062983222,7559.46598072611,7500.82899276092,7497.0159899009,7559.33365325251,7502.91665245658,7497.7398978608,7498.44269636575,7562.26897043484,7503.00781242125,7501.11253934209,7501.99496279581,7560.26528247246,7500.38812496872,7554.69922305243,7503.71229964045,7562.45896603567,7502.41472073473,7500.0337713895,7504.68634310405,7505.16376966572,7154.67234848007,7506.10485366045,7561.07318948461,7130.23606703772,7498.36581782481,7557.58991741872,7559.27042392488,7557.30446777674,7499.29086225949,7505.2344397177,7562.8031478397,7505.01688905026,7499.59550311387,7078.16795010802,7563.12241565803,7508.70213007733,7513.12316220765,7559.05987999022,7097.00321535449,7507.83928533506,7503.1286123682,7504.15969591567,7496.79131801667,6960.47478647668,7506.63715411893,6963.56072538108,7503.03357936631,7502.48766921129,7557.90092253636,7502.7877844799,7501.3000662446,7506.00941175076,7502.199276293,7499.10012788284,7514.54308132347,7505.46381182476,7561.51265802046,7513.9338493269,6916.62986428105,7558.37851332802,7502.11251396199,7496.85132838611,7503.39960667477,7504.09693341286,7502.35712124099,7507.42652411718,7504.73541972376,7497.81641152237,7510.37948553613,7502.40164730632,7509.71796011025,7505.19788509146,7508.97580393085,7509.07576766506,7513.47295507507,7504.20579378197,7498.0095745364,7507.65387391072,7555.50241660964,7505.67325921413,7101.23665751989,7561.05693882702,7513.92867932131,7506.86909291926,7511.71572877637,7557.08235454601,7503.78851193815,7506.92315266702,7500.4794074734,7507.16643484137,7560.17089847499,7563.19396810345
,46,7510.86560057202,7508.99647101193,7501.06508561383,6878.59450374973,7559.46626437745,7500.99378480184,7497.21850136573,7559.3365290996,7503.11379008131,7497.93442525164,7498.6348033004,7562.26469230376,7503.19212069415,7501.31441315545,7502.16384969689,7560.26247461944,7500.51802444459,7554.69977075128,7503.88263201349,7562.45792446717,7502.50754274625,7500.23757750154,7504.86646281077,7505.39561639781,7146.65472350485,7506.21678903636,7561.06715436075,7122.07913964284,7498.55807180504,7557.59040149947,7559.27129284985,7557.30805129948,7499.51309848426,7505.45495419233,7562.79602463514,7505.18424568893,7499.73541671612,7068.87132391913,7563.11903612054,7508.91750895901,7513.22643595001,7559.05680311482,7088.09983375068,7507.9508628099,7503.29079671246,7504.28207951953,7496.90207055118,6948.12221370097,7506.86875597528,6951.28129732695,7503.12626024872,7502.57972345585,7557.90301811219,7503.02103825847,7501.39687634514,7506.13655776073,7502.45424952764,7499.28601382441,7514.65885397192,7505.63287400495,7561.50924223147,7514.05415507856,6903.42447469842,7558.37807668966,7502.27886094289,7497.03801589169,7503.64875368153,7504.2869720092,7502.52236364206,7507.59409372178,7504.96298834634,7498.00668926267,7510.5055994842,7502.60061710399,7509.92702715165,7505.43710906902,7509.18962646477,7509.21563949243,7513.58961632323,7504.45601237111,7498.20505655594,7507.82274802661,7555.50102321864,7505.78878631666,7091.84979461183,7561.05938272566,7514.04949428707,7507.08590515214,7511.82729588597,7557.09122598973,7503.97840165916,7507.05102068123,7500.59446168541,7507.37716383605,7560.17243378215,7563.18831688358
,47,7510.95896107638,7509.14594856228,7501.18850395261,6864.8366767128,7559.46836745192,7501.10868463449,7497.36096321824,7559.34049895054,7503.24937532896,7498.06901363692,7498.76773466912,7562.26369482016,7503.3224132671,7501.45784406919,7502.27962597033,7560.26357979981,7500.60993977001,7554.70091933568,7504.00108783292,7562.45687776328,7502.57330198495,7500.38074314679,7504.9892554452,7505.55988844052,7138.56416807111,7506.29336840169,7561.06266285315,7113.86571903365,7498.6911369749,7557.59379685332,7559.27173218066,7557.31356525416,7499.66870512899,7505.61185915153,7562.79320664812,7505.29958162503,7499.82949263771,7059.50639032114,7563.11643980985,7509.06968500179,7513.29814334001,7559.05768857077,7079.13680914031,7508.02729513793,7503.40745589269,7504.36922437614,7496.98011697759,6935.70387188039,7507.03154430339,6938.93992068409,7503.19220011401,7502.64484786894,7557.90748952315,7503.18415703291,7501.45992489111,7506.22650520099,7502.63175510523,7499.41493514639,7514.73817535192,7505.74947365573,7561.5064606879,7514.1378979407,6890.16091075377,7558.38064143044,7502.39506873087,7497.16760909057,7503.82111290629,7504.42367699852,7502.6379617144,7507.71455472982,7505.12109847007,7498.14336646967,7510.59569513207,7502.73838418887,7510.07593225225,7505.60355676448,7509.34093605195,7509.31071477956,7513.67051037271,7504.63111714559,7498.34069039152,7507.94049131825,7555.50073005425,7505.87246497557,7082.39636757741,7561.06077245684,7514.13047810241,7507.23537893622,7511.9036866567,7557.0971928891,7504.10796876611,7507.13696990471,7500.67669165401,7507.52386281514,7560.17322261542,7563.18402034001
,48,7511.02422285311,7509.25096611867,7501.2732139872,6851.03695708538,7559.46842202002,7501.18982588827,7497.46245846053,7559.34187107696,7503.34626810979,7498.16298212475,7498.86046893011,7562.26145506892,7503.41465615582,7501.55544436636,7502.36121919939,7560.26050964585,7500.67310936663,7554.7015369072,7504.08462639368,7562.45456065121,7502.62130762326,7500.47932913727,7505.07791963032,7505.67613193054,7130.42415688658,7506.34762508936,7561.0579894876,7105.61222742816,7498.78409049293,7557.59580540548,7559.27055882648,7557.31364444052,7499.77647585358,7505.72056265114,7562.78960534999,7505.38312678799,7499.89773283163,7050.09265562785,7563.11303049318,7509.17748046887,7513.35145149271,7559.05801134712,7070.13424759112,7508.08140159453,7503.48737070714,7504.43061846323,7497.03413469962,6923.23969035124,7507.14391376952,6926.55313002492,7503.23716560008,7502.69274666458,7557.90681941406,7503.29571276638,7501.50533487249,7506.28859655854,7502.75748011074,7499.50625626883,7514.79630664573,7505.83053723887,7561.50298816173,7514.19812132795,6876.85499113226,7558.38232783107,7502.4769962318,7497.25931448277,7503.94233656822,7504.51555399965,7502.71945883352,7507.79727829552,7505.23185516249,7498.23539740299,7510.65529204186,7502.83446550433,7510.17732235686,7505.72339085016,7509.44802374157,7509.37739005799,7513.72745578823,7504.75308860864,7498.43525571528,7508.02374075073,7555.5003353915,7505.93038351621,7072.8998535388,7561.06030401163,7514.1910429694,7507.34048308635,7511.95773609138,7557.0999136477,7504.1996335578,7507.20104402429,7500.73258336792,7507.62600399048,7560.17221761215,7563.17941250995
,49,7511.06744382018,7509.32381984588,7501.33188414866,6837.20830208069,7559.47264822339,7501.24923312706,7497.53204405592,7559.34685020633,7503.41053710024,7498.23199778587,7498.92545143728,7562.26427721503,7503.48151241018,7501.62373171591,7502.41770255557,7560.25928529977,7500.72058638766,7554.70045328683,7504.1423906833,7562.4539107205,7502.65438736632,7500.54946002559,7505.13799165438,7505.75660417884,7122.24737074132,7506.3859287233,7561.0558828586,7097.3326608025,7498.84905929254,7557.59568734243,7559.27068253309,7557.31466003773,7499.85600650566,7505.79735719444,7562.79130849974,7505.44095061172,7499.94304964965,7040.64966456795,7563.11163809639,7509.25365559684,7513.38591912074,7559.05671883143,7061.10185596368,7508.11973370068,7503.54597667707,7504.47243292612,7497.07308761826,6910.7423974588,7507.22523848154,6914.13353615042,7503.26712543466,7502.72551433847,7557.90732338494,7503.37552939806,7501.53549632083,7506.33181848893,7502.84471748875,7499.56889812498,7514.83258695163,7505.88897000406,7561.50143107605,7514.23996858868,6863.52346633778,7558.38188953698,7502.53365652893,7497.32222621113,7504.0286060916,7504.58223832883,7502.77588204824,7507.85767469268,7505.30775271924,7498.30201921509,7510.69699379179,7502.90490096555,7510.25002790749,7505.80542114029,7509.52361531758,7509.42162472504,7513.76631935835,7504.83766105358,7498.50128378594,7508.08458518075,7555.49847770664,7505.97265265246,7063.36965557398,7561.06097748388,7514.23326805595,7507.41344304212,7511.99587596984,7557.10277873469,7504.26249610094,7507.2457546981,7500.77564880774,7507.69597935836,7560.17253926088,7563.1771851519
,50,7511.09861230364,7509.37795476068,7501.37407527396,6823.35709449831,7559.47423363638,7501.28636742458,7497.57950731007,7559.34910187313,7503.45559218797,7498.27932933837,7498.9720514474,7562.26491361691,7503.52595676122,7501.66906235506,7502.45828269714,7560.25925574218,7500.75250956328,7554.70071684848,7504.18083567199,7562.45444539597,7502.67850441171,7500.59736134803,7505.18217049156,7505.81129330022,7114.04727130934,7506.41464615385,7561.05532555208,7089.03295755413,7498.89576855418,7557.59653147344,7559.27167975373,7557.31631993761,7499.90996541827,7505.84848567472,7562.79102881381,7505.48313036266,7499.97897050871,7031.18057820325,7563.11163836386,7509.3076232129,7513.41103494646,7559.05693185542,7052.05301783219,7508.14841921574,7503.58263816937,7504.50132606667,7497.10003399317,6898.22552240526,7507.28153892756,6901.69124418167,7503.28808742131,7502.74949706782,7557.90856626919,7503.43302137178,7501.55971793013,7506.36309586062,7502.90612147654,7499.61619917909,7514.85988585346,7505.9315074589,7561.50141786132,7514.270372346,6850.17233491051,7558.38274816531,7502.57456873354,7497.36962670033,7504.08938712645,7504.62641691335,7502.81651176586,7507.8956284678,7505.36140851528,7498.34630767864,7510.72721731721,7502.95312849153,7510.30073978734,7505.86236955623,7509.57389850902,7509.45681402494,7513.79311168646,7504.89724662911,7498.54513470179,7508.12275505219,7555.49818893258,7506.00149516489,7053.81971242608,7561.06246122693,7514.26391648505,7507.46761914828,7512.02449399526,7557.10571691912,7504.30978143653,7507.27788663234,7500.80521300205,7507.7470618644,7560.17377285599,7563.17668620673
,51,7511.12053372387,7509.41298697429,7501.40315922756,6809.49299026134,7559.47635576451,7501.31447184038,7497.61134192586,7559.35159618145,7503.48796853433,7498.31393506703,7499.00638759436,7562.26641395549,7503.55788172036,7501.70506812204,7502.48629668068,7560.26030626509,7500.77471961188,7554.70183493402,7504.20638896978,7562.45584057637,7502.69336133813,7500.6292828754,7505.2103821772,7505.84995037266,7105.83061400726,7506.43355812526,7561.05588428515,7080.7202957876,7498.93001832209,7557.59819871984,7559.27326298188,7557.31843126349,7499.94813714215,7505.88701711734,7562.79192657477,7505.51192688935,7500.00172292587,7021.69514309611,7563.11257503144,7509.34242179287,7513.42655639485,7559.05804319034,7042.98799769069,7508.16730991017,7503.6102060112,7504.52369800321,7497.12095416248,6885.69217837835,7507.32254474601,6889.23269528858,7503.30310425922,7502.76406669647,7557.91040780448,7503.47488200018,7501.57458586907,7506.38125876095,7502.948050433,7499.64784267617,7514.877930318,7505.96073451462,7561.50229397679,7514.28790874782,6836.80859979836,7558.38423091292,7502.6028497974,7497.40139550102,7504.13088861521,7504.6614927773,7502.84462270764,7507.92398443382,7505.3993818665,7498.38138760259,7510.74814112417,7502.98858138065,7510.33564229076,7505.89993830927,7509.60859896578,7509.47911361348,7513.81400101714,7504.93766665154,7498.57994716978,7508.15133197307,7555.49895300783,7506.02060531564,7044.25315530224,7561.06443613373,7514.28162209825,7507.50258501789,7512.04343100872,7557.1086873542,7504.34156245847,7507.29679173032,7500.82474817078,7507.7822087121,7560.17554066748,7563.1772625766
,52,7511.13605606446,7509.43851669497,7501.42560283111,6795.61582275914,7559.47550268018,7501.3329218038,7497.63346085525,7559.35115641126,7503.51055608193,7498.33592053676,7499.02805877824,7562.26506696337,7503.57666030068,7501.72793509701,7502.50816334878,7560.26203528502,7500.78722061811,7554.70357041372,7504.22538708031,7562.45450422274,7502.70535292489,7500.65149422878,7505.23228818974,7505.87896252779,7097.6039885777,7506.44625147589,7561.05721388741,7072.39395966582,7498.9517811298,7557.60033795391,7559.27551041703,7557.32087527887,7499.97350628931,7505.91267142076,7562.79026765615,7505.53100546779,7500.0178144646,7012.19669433045,7563.11105225524,7509.3677668546,7513.43914575927,7559.05977521277,7033.91296259388,7508.17998919053,7503.62857972578,7504.5400847547,7497.13643295137,6873.14889003813,7507.35072609413,6876.76426682156,7503.31522792261,7502.77608166531,7557.91269739461,7503.50366281464,7501.586770103,7506.39343797747,7502.97691199204,7499.66988888021,7514.89360613693,7505.98006035092,7561.50408244821,7514.3034008439,6823.43157103004,7558.38626002851,7502.62485821679,7497.42364747095,7504.15963039798,7504.68363242266,7502.86657041118,7507.94274945428,7505.42779347804,7498.40370430268,7510.76305191698,7503.01105841163,7510.36107250955,7505.92825740239,7509.63379733629,7509.49485317097,7513.82924498567,7504.96559007786,7498.60211460734,7508.1704119134,7555.50047278347,7506.03338464163,7034.67664634573,7561.06671054442,7514.29712973935,7507.52812061027,7512.05613581616,7557.11182163949,7504.36378359675,7507.31305523557,7500.83787785204,7507.807802971,7560.17780270873,7563.17535881737
,53,7511.14529367388,7509.45439160846,7501.44219887119,6781.7322098564,7559.47505846088,7501.34900103905,7497.64927280986,7559.3508434299,7503.52667789167,7498.35152556986,7499.04354630049,7562.26427714146,7503.58925601824,7501.74410444987,7502.52418613502,7560.26104539459,7500.79678347324,7554.70247588252,7504.24186217778,7562.45372126438,7502.71445731674,7500.66734758867,7505.2483408787,7505.89820333046,7089.36741131547,7506.45598282024,7561.05601197345,7064.06492789831,7498.96716350087,7557.59971195671,7559.27477689803,7557.32037736819,7499.99241690534,7505.93191017828,7562.78920502193,7505.54389029514,7500.02763072598,7002.69172604946,7563.10991044155,7509.3834127345,7513.44860448969,7559.05861749244,7024.82806881315,7508.18970989639,7503.64446575604,7504.54994149078,7497.14558295266,6860.59577821932,7507.36926936327,6864.2861056392,7503.32439701643,7502.78528433297,7557.9120926963,7503.52267392799,7501.5960422471,7506.40271274015,7502.99936687375,7499.68229700526,7514.90299785265,7505.99312755833,7561.50303819506,7514.31249608487,6810.04821660134,7558.38525886556,7502.6409442866,7497.43615016316,7504.18177891903,7504.69942933356,7502.88264669608,7507.95893544196,7505.44664895034,7498.41949567015,7510.77201200681,7503.02695161214,7510.37672179572,7505.95019024158,7509.65261527016,7509.50429121042,7513.83819766402,7504.98740385235,7498.61774580138,7508.18669419069,7555.49934581938,7506.03995698776,7025.09010938097,7561.06604302907,7514.30614554033,7507.5438473675,7512.06591975128,7557.11176896544,7504.37624224065,7507.32282510043,7500.84463054449,7507.82359039977,7560.1771086471,7563.17408499471
,54,7511.15483378291,7509.46719656655,7501.45206539218,6767.84219663056,7559.474705348,7501.35836222878,7497.66194412606,7559.35061812318,7503.53644517834,7498.36097767608,7499.05275307127,7562.26361032295,7503.59884353202,7501.75390194485,7502.53371219228,7560.26039948091,7500.80651498134,7554.70174575147,7504.25158733274,7562.45305787764,7502.72067767814,7500.68019274479,7505.2577893138,7505.91106884348,7081.12431533679,7506.46260475182,7561.05522815101,7055.72904821834,7498.97638577566,7557.59915664251,7559.27433227496,7557.32002082354,7500.00507288691,7505.94470433413,7562.78845446748,7505.55044548241,7500.03753809376,6993.18041113676,7563.1091789395,7509.39614838057,7513.45506422807,7559.05790365618,7015.73995619454,7508.19632118947,7503.65373785913,7504.5565538012,7497.15180229672,6848.03948287296,7507.38170279573,6851.80475749751,7503.33056711822,7502.791521686,7557.9117745084,7503.53549331001,7501.60232798181,7506.41226079656,7503.01572334143,7499.69176299951,7514.90927672382,7505.99969338409,7561.50236038439,7514.32190340559,6796.66167178154,7558.38463474628,7502.65041028085,7497.44571533462,7504.1980945399,7504.70898082175,7502.89199689365,7507.96852981928,7505.45926778241,7498.4290429859,7510.78136976476,7503.03661546522,7510.38942038838,7505.9663203852,7509.66516735791,7509.51394370284,7513.84429777964,7505.00338713741,7498.62724079675,7508.19640093292,7555.49851394342,7506.04652281352,7015.50031477388,7561.06556920013,7514.31556642091,7507.55665611103,7512.07246303569,7557.11173328302,7504.38568346902,7507.33261538868,7500.85141891935,7507.83639141917,7560.17668101566,7563.17323065301
,55,7511.16458504306,7509.47711195043,7501.45543864607,6753.95257382993,7559.47441380749,7501.36140379492,7497.67185607816,7559.35048963519,7503.54656582205,7498.37076696295,7499.0624813937,7562.26306093262,7503.60887025851,7501.76418297353,7502.53681431335,7560.25996474359,7500.8163111504,7554.70120855281,7504.2548791988,7562.45251603721,7502.7236677538,7500.69021603951,7505.26084512444,7505.92116426102,7072.87828370505,7506.46563586535,7561.05457426318,7047.38993370495,7498.98606561899,7557.59867758654,7559.27389577495,7557.31973132536,7500.01492546789,7505.95464218374,7562.78790985735,7505.55372979857,7500.0475252552,6983.66615897682,7563.10863884332,7509.40603941235,7513.45819377339,7559.05734274077,7006.65218976356,7508.19934166451,7503.65655101787,7504.56285927637,7497.15767582156,6835.4802627168,7507.39132164118,6839.32054109243,7503.33348512144,7502.79421090404,7557.91157384978,7503.54545003984,7501.60523300335,7506.42194511037,7503.02899077949,7499.70163206247,7514.91532365735,7506.0029960934,7561.50168259896,7514.32772255722,6783.27551599751,7558.3843596297,7502.65356473007,7497.45567206445,7504.21137508598,7504.71897081956,7502.89489646751,7507.97171961499,7505.46921710077,7498.43904738992,7510.79083012794,7503.04688041862,7510.39940987656,7505.97925674327,7509.67500157626,7509.52383583419,7513.85033037729,7505.01626776176,7498.63723247484,7508.19971882564,7555.4978068287,7506.05275944327,7005.90758828869,7561.06524220453,7514.32153570602,7507.56666682309,7512.07545836596,7557.11171629139,7504.3955768968,7507.33885737962,7500.85791551323,7507.84646325385,7560.17623935128,7563.17248269149
