,Well,Fluor,Target,Content,Sample,Biological Set Name,Cq,Cq Mean,Cq Std. Dev,Starting Quantity (SQ),Log Starting Quantity,SQ Mean,SQ Std. Dev,Set Point,Well Note
,A01,Cy5,E_covid,Neg Ctrl,,,12.7275660251579,12.7275660251579,0,NaN,NaN,NaN,0,60,
,A02,Cy5,E_covid,Unkn,,,13.0388550207423,13.0388550207423,0,NaN,NaN,NaN,0,60,
,A03,Cy5,E_covid,Unkn,,,6.22721779066391,6.22721779066391,0,NaN,NaN,NaN,0,60,
,A04,Cy5,E_covid,Unkn,,,6.71156536879294,6.71156536879294,0,NaN,NaN,NaN,0,60,
,A05,Cy5,E_covid,Unkn,,,6.53456224472272,6.53456224472272,0,NaN,NaN,NaN,0,60,
,A06,Cy5,E_covid,Unkn,,,13.0876331183498,13.0876331183498,0,NaN,NaN,NaN,0,60,
,A07,Cy5,E_covid,Unkn,,,13.2581631910175,13.2581631910175,0,NaN,NaN,NaN,0,60,
,A08,Cy5,E_covid,Unkn,,,6.15704252155824,6.15704252155824,0,NaN,NaN,NaN,0,60,
,A09,Cy5,E_covid,Unkn,,,13.231674505477,13.231674505477,0,NaN,NaN,NaN,0,60,
,A10,Cy5,E_covid,Pos Ctrl,,,14.4773280884548,14.4773280884548,0,NaN,NaN,NaN,0,60,
,A11,Cy5,E_covid,Unkn,,,14.658832164323,14.658832164323,0,NaN,NaN,NaN,0,60,
,A12,Cy5,E_covid,Unkn,,,13.2342646527017,13.2342646527017,0,NaN,NaN,NaN,0,60,
,B01,Cy5,E_covid,Unkn,,,13.1003263731425,13.1003263731425,0,NaN,NaN,NaN,0,60,
,B02,Cy5,E_covid,Unkn,,,12.6085686628699,12.6085686628699,0,NaN,NaN,NaN,0,60,
,B03,Cy5,E_covid,Unkn,,,14.2455020269674,14.2455020269674,0,NaN,NaN,NaN,0,60,
,B04,Cy5,E_covid,Unkn,,,14.1118354970966,14.1118354970966,0,NaN,NaN,NaN,0,60,
,B05,Cy5,E_covid,Unkn,,,6.37771896293586,6.37771896293586,0,NaN,NaN,NaN,0,60,
,B06,Cy5,E_covid,Unkn,,,14.9136033489752,14.9136033489752,0,NaN,NaN,NaN,0,60,
,B07,Cy5,E_covid,Unkn,,,6.4721989877465,6.4721989877465,0,NaN,NaN,NaN,0,60,
,B08,Cy5,E_covid,Unkn,,,13.294051467341,13.294051467341,0,NaN,NaN,NaN,0,60,
,B09,Cy5,E_covid,Unkn,,,14.1962534816508,14.1962534816508,0,NaN,NaN,NaN,0,60,
,B10,Cy5,E_covid,Unkn,,,13.2443666430589,13.2443666430589,0,NaN,NaN,NaN,0,60,
,B11,Cy5,E_covid,Unkn,,,13.3099397712223,13.3099397712223,0,NaN,NaN,NaN,0,60,
,B12,Cy5,E_covid,Unkn,,,12.9297321477624,12.9297321477624,0,NaN,NaN,NaN,0,60,
,C01,Cy5,E_covid,Unkn,,,6.30428606606892,6.30428606606892,0,NaN,NaN,NaN,0,60,
,C02,Cy5,E_covid,Unkn,,,6.02578496382523,6.02578496382523,0,NaN,NaN,NaN,0,60,
,C03,Cy5,E_covid,Unkn,,,15.1155638533761,15.1155638533761,0,NaN,NaN,NaN,0,60,
,C04,Cy5,E_covid,Unkn,,,6.61068002048789,6.61068002048789,0,NaN,NaN,NaN,0,60,
,C05,Cy5,E_covid,Unkn,,,15.1146733363565,15.1146733363565,0,NaN,NaN,NaN,0,60,
,C06,Cy5,E_covid,Unkn,,,11.8582025373724,11.8582025373724,0,NaN,NaN,NaN,0,60,
,C07,Cy5,E_covid,Unkn,,,14.5159178094881,14.5159178094881,0,NaN,NaN,NaN,0,60,
,C08,Cy5,E_covid,Unkn,,,6.9219911457678,6.9219911457678,0,NaN,NaN,NaN,0,60,
,C09,Cy5,E_covid,Unkn,,,14.8407790638988,14.8407790638988,0,NaN,NaN,NaN,0,60,
,C10,Cy5,E_covid,Unkn,,,11.7835666894697,11.7835666894697,0,NaN,NaN,NaN,0,60,
,C11,Cy5,E_covid,Unkn,,,14.8176999791829,14.8176999791829,0,NaN,NaN,NaN,0,60,
,C12,Cy5,E_covid,Unkn,,,6.62847852146041,6.62847852146041,0,NaN,NaN,NaN,0,60,
,D01,Cy5,E_covid,Unkn,,,6.91743564249779,6.91743564249779,0,NaN,NaN,NaN,0,60,
,D02,Cy5,E_covid,Unkn,,,6.23629529149856,6.23629529149856,0,NaN,NaN,NaN,0,60,
,D03,Cy5,E_covid,Unkn,,,14.2010443794071,14.2010443794071,0,NaN,NaN,NaN,0,60,
,D04,Cy5,E_covid,Unkn,,,14.4082547124799,14.4082547124799,0,NaN,NaN,NaN,0,60,
,D05,Cy5,E_covid,Unkn,,,12.6124010216753,12.6124010216753,0,NaN,NaN,NaN,0,60,
,D06,Cy5,E_covid,Unkn,,,14.54197943734,14.54197943734,0,NaN,NaN,NaN,0,60,
,D07,Cy5,E_covid,Unkn,,,6.95627396733011,6.95627396733011,0,NaN,NaN,NaN,0,60,
,D08,Cy5,E_covid,Unkn,,,6.55017635232275,6.55017635232275,0,NaN,NaN,NaN,0,60,
,D09,Cy5,E_covid,Unkn,,,14.3021840354731,14.3021840354731,0,NaN,NaN,NaN,0,60,
,D10,Cy5,E_covid,Unkn,,,6.92400446773483,6.92400446773483,0,NaN,NaN,NaN,0,60,
,D11,Cy5,E_covid,Unkn,,,13.0582847477362,13.0582847477362,0,NaN,NaN,NaN,0,60,
,D12,Cy5,E_covid,Unkn,,,5.87747010647058,5.87747010647058,0,NaN,NaN,NaN,0,60,
,E01,Cy5,E_covid,Unkn,,,14.7832679366951,14.7832679366951,0,NaN,NaN,NaN,0,60,
,E02,Cy5,E_covid,Unkn,,,5.8632594102523,5.8632594102523,0,NaN,NaN,NaN,0,60,
,E03,Cy5,E_covid,Unkn,,,13.9455006299301,13.9455006299301,0,NaN,NaN,NaN,0,60,
,E04,Cy5,E_covid,Unkn,,,14.3789347426074,14.3789347426074,0,NaN,NaN,NaN,0,60,
,E05,Cy5,E_covid,Unkn,,,14.0936723556012,14.0936723556012,0,NaN,NaN,NaN,0,60,
,E06,Cy5,E_covid,Unkn,,,12.8758724566318,12.8758724566318,0,NaN,NaN,NaN,0,60,
,E07,Cy5,E_covid,Unkn,,,11.6140234035834,11.6140234035834,0,NaN,NaN,NaN,0,60,
,E08,Cy5,E_covid,Unkn,,,14.4536339118387,14.4536339118387,0,NaN,NaN,NaN,0,60,
,E09,Cy5,E_covid,Unkn,,,13.1136166235835,13.1136166235835,0,NaN,NaN,NaN,0,60,
,E10,Cy5,E_covid,Unkn,,,13.1118231894195,13.1118231894195,0,NaN,NaN,NaN,0,60,
,E11,Cy5,E_covid,Unkn,,,11.6520382551041,11.6520382551041,0,NaN,NaN,NaN,0,60,
,E12,Cy5,E_covid,Unkn,,,6.89899944162152,6.89899944162152,0,NaN,NaN,NaN,0,60,
,F01,Cy5,E_covid,Unkn,,,14.5465095894366,14.5465095894366,0,NaN,NaN,NaN,0,60,
,F02,Cy5,E_covid,Unkn,,,14.3474270661923,14.3474270661923,0,NaN,NaN,NaN,0,60,
,F03,Cy5,E_covid,Unkn,,,6.04473551714348,6.04473551714348,0,NaN,NaN,NaN,0,60,
,F04,Cy5,E_covid,Unkn,,,14.2172387313526,14.2172387313526,0,NaN,NaN,NaN,0,60,
,F05,Cy5,E_covid,Unkn,,,12.6246739619953,12.6246739619953,0,NaN,NaN,NaN,0,60,
,F06,Cy5,E_covid,Unkn,,,12.9180561733057,12.9180561733057,0,NaN,NaN,NaN,0,60,
,F07,Cy5,E_covid,Unkn,,,14.2473644087945,14.2473644087945,0,NaN,NaN,NaN,0,60,
,F08,Cy5,E_covid,Unkn,,,14.5754808079165,14.5754808079165,0,NaN,NaN,NaN,0,60,
,F09,Cy5,E_covid,Unkn,,,13.3778707022502,13.3778707022502,0,NaN,NaN,NaN,0,60,
,F10,Cy5,E_covid,Unkn,,,13.1190185153428,13.1190185153428,0,NaN,NaN,NaN,0,60,
,F11,Cy5,E_covid,Unkn,,,13.0087107100903,13.0087107100903,0,NaN,NaN,NaN,0,60,
,F12,Cy5,E_covid,Unkn,,,12.8151844294856,12.8151844294856,0,NaN,NaN,NaN,0,60,
,G01,Cy5,E_covid,Unkn,,,13.3272103164524,13.3272103164524,0,NaN,NaN,NaN,0,60,
,G02,Cy5,E_covid,Unkn,,,13.9465237701816,13.9465237701816,0,NaN,NaN,NaN,0,60,
,G03,Cy5,E_covid,Unkn,,,13.0262799246601,13.0262799246601,0,NaN,NaN,NaN,0,60,
,G04,Cy5,E_covid,Unkn,,,14.1838324784904,14.1838324784904,0,NaN,NaN,NaN,0,60,
,G05,Cy5,E_covid,Unkn,,,14.5907083713516,14.5907083713516,0,NaN,NaN,NaN,0,60,
,G06,Cy5,E_covid,Unkn,,,12.531584181246,12.531584181246,0,NaN,NaN,NaN,0,60,
,G07,Cy5,E_covid,Unkn,,,13.2518703377349,13.2518703377349,0,NaN,NaN,NaN,0,60,
,G08,Cy5,E_covid,Unkn,,,14.7606140268061,14.7606140268061,0,NaN,NaN,NaN,0,60,
,G09,Cy5,E_covid,Unkn,,,14.1960495605208,14.1960495605208,0,NaN,NaN,NaN,0,60,
,G10,Cy5,E_covid,Unkn,,,12.8365956999503,12.8365956999503,0,NaN,NaN,NaN,0,60,
,G11,Cy5,E_covid,Unkn,,,14.7706320402311,14.7706320402311,0,NaN,NaN,NaN,0,60,
,G12,Cy5,E_covid,Unkn,,,6.39171478639379,6.39171478639379,0,NaN,NaN,NaN,0,60,
,H01,Cy5,E_covid,Unkn,,,5.77293546418691,5.77293546418691,0,NaN,NaN,NaN,0,60,
,H02,Cy5,E_covid,Unkn,,,12.6986969579766,12.6986969579766,0,NaN,NaN,NaN,0,60,
,H03,Cy5,E_covid,Unkn,,,14.2981394730552,14.2981394730552,0,NaN,NaN,NaN,0,60,
,H04,Cy5,E_covid,Unkn,,,12.7063324552187,12.7063324552187,0,NaN,NaN,NaN,0,60,
,H05,Cy5,E_covid,Unkn,,,12.9221665880184,12.9221665880184,0,NaN,NaN,NaN,0,60,
,H06,Cy5,E_covid,Unkn,,,6.0392604909301,6.0392604909301,0,NaN,NaN,NaN,0,60,
,H07,Cy5,E_covid,Unkn,,,13.3481592967108,13.3481592967108,0,NaN,NaN,NaN,0,60,
,H08,Cy5,E_covid,Unkn,,,12.8820385887445,12.8820385887445,0,NaN,NaN,NaN,0,60,
,H09,Cy5,E_covid,Unkn,,,6.9039833240352,6.9039833240352,0,NaN,NaN,NaN,0,60,
,H10,Cy5,E_covid,Unkn,,,11.6624248039827,11.6624248039827,0,NaN,NaN,NaN,0,60,
,H11,Cy5,E_covid,Unkn,,,14.3299547840152,14.3299547840152,0,NaN,NaN,NaN,0,60,
,H12,Cy5,E_covid,Unkn,,,15.0594176585114,15.0594176585114,0,NaN,NaN,NaN,0,60,
,A01,FAM,ORF1ab_covid,Neg Ctrl,,,6.23176116029597,6.23176116029597,0,NaN,NaN,NaN,0,60,
,A02,FAM,ORF1ab_covid,Unkn,,,12.4755693762074,12.4755693762074,0,NaN,NaN,NaN,0,60,
,A03,FAM,ORF1ab_covid,Unkn,,,12.5443592275555,12.5443592275555,0,NaN,NaN,NaN,0,60,
,A04,FAM,ORF1ab_covid,Unkn,,,6.115304200885,6.115304200885,0,NaN,NaN,NaN,0,60,
,A05,FAM,ORF1ab_covid,Unkn,,,14.471973311197,14.471973311197,0,NaN,NaN,NaN,0,60,
,A06,FAM,ORF1ab_covid,Unkn,,,14.188990430019,14.188990430019,0,NaN,NaN,NaN,0,60,
,A07,FAM,ORF1ab_covid,Unkn,,,5.64548837856755,5.64548837856755,0,NaN,NaN,NaN,0,60,
,A08,FAM,ORF1ab_covid,Unkn,,,14.8043768111404,14.8043768111404,0,NaN,NaN,NaN,0,60,
,A09,FAM,ORF1ab_covid,Unkn,,,14.9703546174421,14.9703546174421,0,NaN,NaN,NaN,0,60,
,A10,FAM,ORF1ab_covid,Pos Ctrl,,,12.7186563497324,12.7186563497324,0,NaN,NaN,NaN,0,60,
,A11,FAM,ORF1ab_covid,Unkn,,,14.6339663608619,14.6339663608619,0,NaN,NaN,NaN,0,60,
,A12,FAM,ORF1ab_covid,Unkn,,,12.5020967581988,12.5020967581988,0,NaN,NaN,NaN,0,60,
,B01,FAM,ORF1ab_covid,Unkn,,,12.9144070383053,12.9144070383053,0,NaN,NaN,NaN,0,60,
,B02,FAM,ORF1ab_covid,Unkn,,,12.4333225834586,12.4333225834586,0,NaN,NaN,NaN,0,60,
,B03,FAM,ORF1ab_covid,Unkn,,,15.1265395259634,15.1265395259634,0,NaN,NaN,NaN,0,60,
,B04,FAM,ORF1ab_covid,Unkn,,,12.9882250109912,12.9882250109912,0,NaN,NaN,NaN,0,60,
,B05,FAM,ORF1ab_covid,Unkn,,,5.83038946407518,5.83038946407518,0,NaN,NaN,NaN,0,60,
,B06,FAM,ORF1ab_covid,Unkn,,,12.9950376970143,12.9950376970143,0,NaN,NaN,NaN,0,60,
,B07,FAM,ORF1ab_covid,Unkn,,,14.453804596055,14.453804596055,0,NaN,NaN,NaN,0,60,
,B08,FAM,ORF1ab_covid,Unkn,,,14.3615552648822,14.3615552648822,0,NaN,NaN,NaN,0,60,
,B09,FAM,ORF1ab_covid,Unkn,,,14.2771164372951,14.2771164372951,0,NaN,NaN,NaN,0,60,
,B10,FAM,ORF1ab_covid,Unkn,,,12.548482196358,12.548482196358,0,NaN,NaN,NaN,0,60,
,B11,FAM,ORF1ab_covid,Unkn,,,12.4454141112029,12.4454141112029,0,NaN,NaN,NaN,0,60,
,B12,FAM,ORF1ab_covid,Unkn,,,14.6824370081766,14.6824370081766,0,NaN,NaN,NaN,0,60,
,C01,FAM,ORF1ab_covid,Unkn,,,12.3776867996625,12.3776867996625,0,NaN,NaN,NaN,0,60,
,C02,FAM,ORF1ab_covid,Unkn,,,13.2187062862846,13.2187062862846,0,NaN,NaN,NaN,0,60,
,C03,FAM,ORF1ab_covid,Unkn,,,12.4253394303714,12.4253394303714,0,NaN,NaN,NaN,0,60,
,C04,FAM,ORF1ab_covid,Unkn,,,14.2575599256286,14.2575599256286,0,NaN,NaN,NaN,0,60,
,C05,FAM,ORF1ab_covid,Unkn,,,6.36284300380073,6.36284300380073,0,NaN,NaN,NaN,0,60,
,C06,FAM,ORF1ab_covid,Unkn,,,14.5665161259175,14.5665161259175,0,NaN,NaN,NaN,0,60,
,C07,FAM,ORF1ab_covid,Unkn,,,14.3941584842286,14.3941584842286,0,NaN,NaN,NaN,0,60,
,C08,FAM,ORF1ab_covid,Unkn,,,14.3327180637505,14.3327180637505,0,NaN,NaN,NaN,0,60,
,C09,FAM,ORF1ab_covid,Unkn,,,5.51601560783785,5.51601560783785,0,NaN,NaN,NaN,0,60,
,C10,FAM,ORF1ab_covid,Unkn,,,12.5270211208453,12.5270211208453,0,NaN,NaN,NaN,0,60,
,C11,FAM,ORF1ab_covid,Unkn,,,12.9986595240246,12.9986595240246,0,NaN,NaN,NaN,0,60,
,C12,FAM,ORF1ab_covid,Unkn,,,12.6996847592536,12.6996847592536,0,NaN,NaN,NaN,0,60,
,D01,FAM,ORF1ab_covid,Unkn,,,12.7381010835565,12.7381010835565,0,NaN,NaN,NaN,0,60,
,D02,FAM,ORF1ab_covid,Unkn,,,6.03691993739193,6.03691993739193,0,NaN,NaN,NaN,0,60,
,D03,FAM,ORF1ab_covid,Unkn,,,12.6165042763058,12.6165042763058,0,NaN,NaN,NaN,0,60,
,D04,FAM,ORF1ab_covid,Unkn,,,13.2159375315044,13.2159375315044,0,NaN,NaN,NaN,0,60,
,D05,FAM,ORF1ab_covid,Unkn,,,14.3606705907943,14.3606705907943,0,NaN,NaN,NaN,0,60,
,D06,FAM,ORF1ab_covid,Unkn,,,14.3988502546949,14.3988502546949,0,NaN,NaN,NaN,0,60,
,D07,FAM,ORF1ab_covid,Unkn,,,6.33407244737805,6.33407244737805,0,NaN,NaN,NaN,0,60,
,D08,FAM,ORF1ab_covid,Unkn,,,6.0842115103783,6.0842115103783,0,NaN,NaN,NaN,0,60,
,D09,FAM,ORF1ab_covid,Unkn,,,14.6520776573268,14.6520776573268,0,NaN,NaN,NaN,0,60,
,D10,FAM,ORF1ab_covid,Unkn,,,14.0433912093108,14.0433912093108,0,NaN,NaN,NaN,0,60,
,D11,FAM,ORF1ab_covid,Unkn,,,5.85234391298267,5.85234391298267,0,NaN,NaN,NaN,0,60,
,D12,FAM,ORF1ab_covid,Unkn,,,12.8277600073471,12.8277600073471,0,NaN,NaN,NaN,0,60,
,E01,FAM,ORF1ab_covid,Unkn,,,12.5891493227776,12.5891493227776,0,NaN,NaN,NaN,0,60,
,E02,FAM,ORF1ab_covid,Unkn,,,14.576400798623,14.576400798623,0,NaN,NaN,NaN,0,60,
,E03,FAM,ORF1ab_covid,Unkn,,,14.5981970936614,14.5981970936614,0,NaN,NaN,NaN,0,60,
,E04,FAM,ORF1ab_covid,Unkn,,,13.0097431480008,13.0097431480008,0,NaN,NaN,NaN,0,60,
,E05,FAM,ORF1ab_covid,Unkn,,,13.9726265325818,13.9726265325818,0,NaN,NaN,NaN,0,60,
,E06,FAM,ORF1ab_covid,Unkn,,,14.2280349186476,14.2280349186476,0,NaN,NaN,NaN,0,60,
,E07,FAM,ORF1ab_covid,Unkn,,,14.5371140988232,14.5371140988232,0,NaN,NaN,NaN,0,60,
,E08,FAM,ORF1ab_covid,Unkn,,,13.3075059934797,13.3075059934797,0,NaN,NaN,NaN,0,60,
,E09,FAM,ORF1ab_covid,Unkn,,,12.9887318470898,12.9887318470898,0,NaN,NaN,NaN,0,60,
,E10,FAM,ORF1ab_covid,Unkn,,,6.10670083581356,6.10670083581356,0,NaN,NaN,NaN,0,60,
,E11,FAM,ORF1ab_covid,Unkn,,,13.0422324219447,13.0422324219447,0,NaN,NaN,NaN,0,60,
,E12,FAM,ORF1ab_covid,Unkn,,,15.0135942325631,15.0135942325631,0,NaN,NaN,NaN,0,60,
,F01,FAM,ORF1ab_covid,Unkn,,,12.9095206188709,12.9095206188709,0,NaN,NaN,NaN,0,60,
,F02,FAM,ORF1ab_covid,Unkn,,,14.4238840095768,14.4238840095768,0,NaN,NaN,NaN,0,60,
,F03,FAM,ORF1ab_covid,Unkn,,,13.8290327046461,13.8290327046461,0,NaN,NaN,NaN,0,60,
,F04,FAM,ORF1ab_covid,Unkn,,,12.3885309076839,12.3885309076839,0,NaN,NaN,NaN,0,60,
,F05,FAM,ORF1ab_covid,Unkn,,,6.41731877078285,6.41731877078285,0,NaN,NaN,NaN,0,60,
,F06,FAM,ORF1ab_covid,Unkn,,,14.6897765645155,14.6897765645155,0,NaN,NaN,NaN,0,60,
,F07,FAM,ORF1ab_covid,Unkn,,,12.6265840334427,12.6265840334427,0,NaN,NaN,NaN,0,60,
,F08,FAM,ORF1ab_covid,Unkn,,,14.5629631794808,14.5629631794808,0,NaN,NaN,NaN,0,60,
,F09,FAM,ORF1ab_covid,Unkn,,,13.2618498694771,13.2618498694771,0,NaN,NaN,NaN,0,60,
,F10,FAM,ORF1ab_covid,Unkn,,,14.4328809909849,14.4328809909849,0,NaN,NaN,NaN,0,60,
,F11,FAM,ORF1ab_covid,Unkn,,,14.2381483534606,14.2381483534606,0,NaN,NaN,NaN,0,60,
,F12,FAM,ORF1ab_covid,Unkn,,,13.0128913554378,13.0128913554378,0,NaN,NaN,NaN,0,60,
,G01,FAM,ORF1ab_covid,Unkn,,,12.7354553002853,12.7354553002853,0,NaN,NaN,NaN,0,60,
,G02,FAM,ORF1ab_covid,Unkn,,,5.76864853137009,5.76864853137009,0,NaN,NaN,NaN,0,60,
,G03,FAM,ORF1ab_covid,Unkn,,,14.9971626589013,14.9971626589013,0,NaN,NaN,NaN,0,60,
,G04,FAM,ORF1ab_covid,Unkn,,,14.3279162005926,14.3279162005926,0,NaN,NaN,NaN,0,60,
,G05,FAM,ORF1ab_covid,Unkn,,,12.7669979494749,12.7669979494749,0,NaN,NaN,NaN,0,60,
,G06,FAM,ORF1ab_covid,Unkn,,,14.9957226092221,14.9957226092221,0,NaN,NaN,NaN,0,60,
,G07,FAM,ORF1ab_covid,Unkn,,,12.4640020082995,12.4640020082995,0,NaN,NaN,NaN,0,60,
,G08,FAM,ORF1ab_covid,Unkn,,,14.2272711401102,14.2272711401102,0,NaN,NaN,NaN,0,60,
,G09,FAM,ORF1ab_covid,Unkn,,,12.5114795936511,12.5114795936511,0,NaN,NaN,NaN,0,60,
,G10,FAM,ORF1ab_covid,Unkn,,,5.64757697271276,5.64757697271276,0,NaN,NaN,NaN,0,60,
,G11,FAM,ORF1ab_covid,Unkn,,,5.56624854748848,5.56624854748848,0,NaN,NaN,NaN,0,60,
,G12,FAM,ORF1ab_covid,Unkn,,,15.0429156604146,15.0429156604146,0,NaN,NaN,NaN,0,60,
,H01,FAM,ORF1ab_covid,Unkn,,,6.36143156540907,6.36143156540907,0,NaN,NaN,NaN,0,60,
,H02,FAM,ORF1ab_covid,Unkn,,,14.2567951177551,14.2567951177551,0,NaN,NaN,NaN,0,60,
,H03,FAM,ORF1ab_covid,Unkn,,,12.4143158881104,12.4143158881104,0,NaN,NaN,NaN,0,60,
,H04,FAM,ORF1ab_covid,Unkn,,,5.55886305007664,5.55886305007664,0,NaN,NaN,NaN,0,60,
,H05,FAM,ORF1ab_covid,Unkn,,,14.2422489106643,14.2422489106643,0,NaN,NaN,NaN,0,60,
,H06,FAM,ORF1ab_covid,Unkn,,,12.5696680961359,12.5696680961359,0,NaN,NaN,NaN,0,60,
,H07,FAM,ORF1ab_covid,Unkn,,,6.41871654101612,6.41871654101612,0,NaN,NaN,NaN,0,60,
,H08,FAM,ORF1ab_covid,Unkn,,,5.63595449955528,5.63595449955528,0,NaN,NaN,NaN,0,60,
,H09,FAM,ORF1ab_covid,Unkn,,,13.9938771180696,13.9938771180696,0,NaN,NaN,NaN,0,60,
,H10,FAM,ORF1ab_covid,Unkn,,,14.4796132345714,14.4796132345714,0,NaN,NaN,NaN,0,60,
,H11,FAM,ORF1ab_covid,Unkn,,,13.8505561011533,13.8505561011533,0,NaN,NaN,NaN,0,60,
,H12,FAM,ORF1ab_covid,Unkn,,,6.19125745397354,6.19125745397354,0,NaN,NaN,NaN,0,60,
,A01,HEX,IEC,Neg Ctrl,,,14.8145652645659,14.8145652645659,0,NaN,NaN,NaN,0,60,
,A02,HEX,IEC,Unkn,,,14.1834150347157,14.1834150347157,0,NaN,NaN,NaN,0,60,
,A03,HEX,IEC,Unkn,,,12.7170078530146,12.7170078530146,0,NaN,NaN,NaN,0,60,
,A04,HEX,IEC,Unkn,,,15.0952451332943,15.0952451332943,0,NaN,NaN,NaN,0,60,
,A05,HEX,IEC,Unkn,,,14.4016826864216,14.4016826864216,0,NaN,NaN,NaN,0,60,
,A06,HEX,IEC,Unkn,,,12.7628522053763,12.7628522053763,0,NaN,NaN,NaN,0,60,
,A07,HEX,IEC,Unkn,,,14.8777998419125,14.8777998419125,0,NaN,NaN,NaN,0,60,
,A08,HEX,IEC,Unkn,,,12.391634242137,12.391634242137,0,NaN,NaN,NaN,0,60,
,A09,HEX,IEC,Unkn,,,5.23045538491204,5.23045538491204,0,NaN,NaN,NaN,0,60,
,A10,HEX,IEC,Pos Ctrl,,,12.7654285597686,12.7654285597686,0,NaN,NaN,NaN,0,60,
,A11,HEX,IEC,Unkn,,,14.2177341715759,14.2177341715759,0,NaN,NaN,NaN,0,60,
,A12,HEX,IEC,Unkn,,,12.572683364641,12.572683364641,0,NaN,NaN,NaN,0,60,
,B01,HEX,IEC,Unkn,,,5.59479849834429,5.59479849834429,0,NaN,NaN,NaN,0,60,
,B02,HEX,IEC,Unkn,,,5.17948247050556,5.17948247050556,0,NaN,NaN,NaN,0,60,
,B03,HEX,IEC,Unkn,,,12.3043887106341,12.3043887106341,0,NaN,NaN,NaN,0,60,
,B04,HEX,IEC,Unkn,,,14.45117257661,14.45117257661,0,NaN,NaN,NaN,0,60,
,B05,HEX,IEC,Unkn,,,15.3213333580946,15.3213333580946,0,NaN,NaN,NaN,0,60,
,B06,HEX,IEC,Unkn,,,12.1478425868146,12.1478425868146,0,NaN,NaN,NaN,0,60,
,B07,HEX,IEC,Unkn,,,14.2137535737308,14.2137535737308,0,NaN,NaN,NaN,0,60,
,B08,HEX,IEC,Unkn,,,12.5604256226906,12.5604256226906,0,NaN,NaN,NaN,0,60,
,B09,HEX,IEC,Unkn,,,12.2181301435781,12.2181301435781,0,NaN,NaN,NaN,0,60,
,B10,HEX,IEC,Unkn,,,5.90897652083452,5.90897652083452,0,NaN,NaN,NaN,0,60,
,B11,HEX,IEC,Unkn,,,5.49383761305189,5.49383761305189,0,NaN,NaN,NaN,0,60,
,B12,HEX,IEC,Unkn,,,12.4218293042752,12.4218293042752,0,NaN,NaN,NaN,0,60,
,C01,HEX,IEC,Unkn,,,5.17818038242058,5.17818038242058,0,NaN,NaN,NaN,0,60,
,C02,HEX,IEC,Unkn,,,14.1437555185832,14.1437555185832,0,NaN,NaN,NaN,0,60,
,C03,HEX,IEC,Unkn,,,14.1522891819035,14.1522891819035,0,NaN,NaN,NaN,0,60,
,C04,HEX,IEC,Unkn,,,5.57357148203946,5.57357148203946,0,NaN,NaN,NaN,0,60,
,C05,HEX,IEC,Unkn,,,13.1042208309338,13.1042208309338,0,NaN,NaN,NaN,0,60,
,C06,HEX,IEC,Unkn,,,14.3800803532058,14.3800803532058,0,NaN,NaN,NaN,0,60,
,C07,HEX,IEC,Unkn,,,5.08026578699967,5.08026578699967,0,NaN,NaN,NaN,0,60,
,C08,HEX,IEC,Unkn,,,14.4926776053869,14.4926776053869,0,NaN,NaN,NaN,0,60,
,C09,HEX,IEC,Unkn,,,6.06466555266559,6.06466555266559,0,NaN,NaN,NaN,0,60,
,C10,HEX,IEC,Unkn,,,14.2201686809299,14.2201686809299,0,NaN,NaN,NaN,0,60,
,C11,HEX,IEC,Unkn,,,13.6770293568526,13.6770293568526,0,NaN,NaN,NaN,0,60,
,C12,HEX,IEC,Unkn,,,14.1433950794096,14.1433950794096,0,NaN,NaN,NaN,0,60,
,D01,HEX,IEC,Unkn,,,12.3546571158587,12.3546571158587,0,NaN,NaN,NaN,0,60,
,D02,HEX,IEC,Unkn,,,14.9597955248695,14.9597955248695,0,NaN,NaN,NaN,0,60,
,D03,HEX,IEC,Unkn,,,14.6909582594997,14.6909582594997,0,NaN,NaN,NaN,0,60,
,D04,HEX,IEC,Unkn,,,12.1120508158,12.1120508158,0,NaN,NaN,NaN,0,60,
,D05,HEX,IEC,Unkn,,,5.04532986020971,5.04532986020971,0,NaN,NaN,NaN,0,60,
,D06,HEX,IEC,Unkn,,,13.6624538879565,13.6624538879565,0,NaN,NaN,NaN,0,60,
,D07,HEX,IEC,Unkn,,,5.9235359023787,5.9235359023787,0,NaN,NaN,NaN,0,60,
,D08,HEX,IEC,Unkn,,,15.0263145742443,15.0263145742443,0,NaN,NaN,NaN,0,60,
,D09,HEX,IEC,Unkn,,,14.5730281213684,14.5730281213684,0,NaN,NaN,NaN,0,60,
,D10,HEX,IEC,Unkn,,,12.4275721522938,12.4275721522938,0,NaN,NaN,NaN,0,60,
,D11,HEX,IEC,Unkn,,,14.8706716420283,14.8706716420283,0,NaN,NaN,NaN,0,60,
,D12,HEX,IEC,Unkn,,,12.701514463426,12.701514463426,0,NaN,NaN,NaN,0,60,
,E01,HEX,IEC,Unkn,,,14.1487939260208,14.1487939260208,0,NaN,NaN,NaN,0,60,
,E02,HEX,IEC,Unkn,,,14.1945336638772,14.1945336638772,0,NaN,NaN,NaN,0,60,
,E03,HEX,IEC,Unkn,,,12.7542998436064,12.7542998436064,0,NaN,NaN,NaN,0,60,
,E04,HEX,IEC,Unkn,,,12.4775492914842,12.4775492914842,0,NaN,NaN,NaN,0,60,
,E05,HEX,IEC,Unkn,,,6.06310636465214,6.06310636465214,0,NaN,NaN,NaN,0,60,
,E06,HEX,IEC,Unkn,,,12.0579846325772,12.0579846325772,0,NaN,NaN,NaN,0,60,
,E07,HEX,IEC,Unkn,,,14.4955417376028,14.4955417376028,0,NaN,NaN,NaN,0,60,
,E08,HEX,IEC,Unkn,,,5.61779062240467,5.61779062240467,0,NaN,NaN,NaN,0,60,
,E09,HEX,IEC,Unkn,,,12.6167204972632,12.6167204972632,0,NaN,NaN,NaN,0,60,
,E10,HEX,IEC,Unkn,,,15.3112080319389,15.3112080319389,0,NaN,NaN,NaN,0,60,
,E11,HEX,IEC,Unkn,,,15.0270407089897,15.0270407089897,0,NaN,NaN,NaN,0,60,
,E12,HEX,IEC,Unkn,,,12.7745583241872,12.7745583241872,0,NaN,NaN,NaN,0,60,
,F01,HEX,IEC,Unkn,,,14.0619120201338,14.0619120201338,0,NaN,NaN,NaN,0,60,
,F02,HEX,IEC,Unkn,,,14.0155977407225,14.0155977407225,0,NaN,NaN,NaN,0,60,
,F03,HEX,IEC,Unkn,,,14.1414812943825,14.1414812943825,0,NaN,NaN,NaN,0,60,
,F04,HEX,IEC,Unkn,,,12.2073289280966,12.2073289280966,0,NaN,NaN,NaN,0,60,
,F05,HEX,IEC,Unkn,,,15.1791829255999,15.1791829255999,0,NaN,NaN,NaN,0,60,
,F06,HEX,IEC,Unkn,,,12.0446625389553,12.0446625389553,0,NaN,NaN,NaN,0,60,
,F07,HEX,IEC,Unkn,,,12.3418550620254,12.3418550620254,0,NaN,NaN,NaN,0,60,
,F08,HEX,IEC,Unkn,,,5.45747109697644,5.45747109697644,0,NaN,NaN,NaN,0,60,
,F09,HEX,IEC,Unkn,,,14.1855235970984,14.1855235970984,0,NaN,NaN,NaN,0,60,
,F10,HEX,IEC,Unkn,,,5.2592594760632,5.2592594760632,0,NaN,NaN,NaN,0,60,
,F11,HEX,IEC,Unkn,,,13.7143668106426,13.7143668106426,0,NaN,NaN,NaN,0,60,
,F12,HEX,IEC,Unkn,,,14.1186245221724,14.1186245221724,0,NaN,NaN,NaN,0,60,
,G01,HEX,IEC,Unkn,,,14.1841575294568,14.1841575294568,0,NaN,NaN,NaN,0,60,
,G02,HEX,IEC,Unkn,,,5.29847710724115,5.29847710724115,0,NaN,NaN,NaN,0,60,
,G03,HEX,IEC,Unkn,,,14.3099076018816,14.3099076018816,0,NaN,NaN,NaN,0,60,
,G04,HEX,IEC,Unkn,,,14.7004051415678,14.7004051415678,0,NaN,NaN,NaN,0,60,
,G05,HEX,IEC,Unkn,,,12.847508752875,12.847508752875,0,NaN,NaN,NaN,0,60,
,G06,HEX,IEC,Unkn,,,12.2477939326353,12.2477939326353,0,NaN,NaN,NaN,0,60,
,G07,HEX,IEC,Unkn,,,13.7708104120364,13.7708104120364,0,NaN,NaN,NaN,0,60,
,G08,HEX,IEC,Unkn,,,14.8724995643998,14.8724995643998,0,NaN,NaN,NaN,0,60,
,G09,HEX,IEC,Unkn,,,12.7745656452396,12.7745656452396,0,NaN,NaN,NaN,0,60,
,G10,HEX,IEC,Unkn,,,5.18761467016737,5.18761467016737,0,NaN,NaN,NaN,0,60,
,G11,HEX,IEC,Unkn,,,15.0880962855547,15.0880962855547,0,NaN,NaN,NaN,0,60,
,G12,HEX,IEC,Unkn,,,12.9470408481928,12.9470408481928,0,NaN,NaN,NaN,0,60,
,H01,HEX,IEC,Unkn,,,5.56882599801733,5.56882599801733,0,NaN,NaN,NaN,0,60,
,H02,HEX,IEC,Unkn,,,12.8045283636134,12.8045283636134,0,NaN,NaN,NaN,0,60,
,H03,HEX,IEC,Unkn,,,13.6388296184885,13.6388296184885,0,NaN,NaN,NaN,0,60,
,H04,HEX,IEC,Unkn,,,13.1456753304478,13.1456753304478,0,NaN,NaN,NaN,0,60,
,H05,HEX,IEC,Unkn,,,5.33201828826782,5.33201828826782,0,NaN,NaN,NaN,0,60,
,H06,HEX,IEC,Unkn,,,6.05072187245342,6.05072187245342,0,NaN,NaN,NaN,0,60,
,H07,HEX,IEC,Unkn,,,6.17942604376683,6.17942604376683,0,NaN,NaN,NaN,0,60,
,H08,HEX,IEC,Unkn,,,6.05579307322826,6.05579307322826,0,NaN,NaN,NaN,0,60,
,H09,HEX,IEC,Unkn,,,5.18919675714135,5.18919675714135,0,NaN,NaN,NaN,0,60,
,H10,HEX,IEC,Unkn,,,14.3151844219673,14.3151844219673,0,NaN,NaN,NaN,0,60,
,H11,HEX,IEC,Unkn,,,5.22735013171567,5.22735013171567,0,NaN,NaN,NaN,0,60,
,H12,HEX,IEC,Unkn,,,15.1250356338273,15.1250356338273,0,NaN,NaN,NaN,0,60,
,A01,ROX,N_covid,Neg Ctrl,,,13.0088329420978,13.0088329420978,0,NaN,NaN,NaN,0,60,
,A02,ROX,N_covid,Unkn,,,14.390460394085,14.390460394085,0,NaN,NaN,NaN,0,60,
,A03,ROX,N_covid,Unkn,,,14.2129674795892,14.2129674795892,0,NaN,NaN,NaN,0,60,
,A04,ROX,N_covid,Unkn,,,15.0649350782561,15.0649350782561,0,NaN,NaN,NaN,0,60,
,A05,ROX,N_covid,Unkn,,,5.28399187060844,5.28399187060844,0,NaN,NaN,NaN,0,60,
,A06,ROX,N_covid,Unkn,,,13.7149254831651,13.7149254831651,0,NaN,NaN,NaN,0,60,
,A07,ROX,N_covid,Unkn,,,14.2303655079059,14.2303655079059,0,NaN,NaN,NaN,0,60,
,A08,ROX,N_covid,Unkn,,,5.2773912987549,5.2773912987549,0,NaN,NaN,NaN,0,60,
,A09,ROX,N_covid,Unkn,,,14.3527393151863,14.3527393151863,0,NaN,NaN,NaN,0,60,
,A10,ROX,N_covid,Pos Ctrl,,,14.1394588247582,14.1394588247582,0,NaN,NaN,NaN,0,60,
,A11,ROX,N_covid,Unkn,,,14.0737264975407,14.0737264975407,0,NaN,NaN,NaN,0,60,
,A12,ROX,N_covid,Unkn,,,5.15097699360687,5.15097699360687,0,NaN,NaN,NaN,0,60,
,B01,ROX,N_covid,Unkn,,,14.2708269229365,14.2708269229365,0,NaN,NaN,NaN,0,60,
,B02,ROX,N_covid,Unkn,,,14.4604426044784,14.4604426044784,0,NaN,NaN,NaN,0,60,
,B03,ROX,N_covid,Unkn,,,13.7043795034363,13.7043795034363,0,NaN,NaN,NaN,0,60,
,B04,ROX,N_covid,Unkn,,,5.44683921347642,5.44683921347642,0,NaN,NaN,NaN,0,60,
,B05,ROX,N_covid,Unkn,,,13.3506475974357,13.3506475974357,0,NaN,NaN,NaN,0,60,
,B06,ROX,N_covid,Unkn,,,5.9611163278154,5.9611163278154,0,NaN,NaN,NaN,0,60,
,B07,ROX,N_covid,Unkn,,,14.0891303047186,14.0891303047186,0,NaN,NaN,NaN,0,60,
,B08,ROX,N_covid,Unkn,,,5.1193834594757,5.1193834594757,0,NaN,NaN,NaN,0,60,
,B09,ROX,N_covid,Unkn,,,12.1348921910346,12.1348921910346,0,NaN,NaN,NaN,0,60,
,B10,ROX,N_covid,Unkn,,,14.5060338401957,14.5060338401957,0,NaN,NaN,NaN,0,60,
,B11,ROX,N_covid,Unkn,,,14.1613083779451,14.1613083779451,0,NaN,NaN,NaN,0,60,
,B12,ROX,N_covid,Unkn,,,14.6654440314454,14.6654440314454,0,NaN,NaN,NaN,0,60,
,C01,ROX,N_covid,Unkn,,,15.5105425823686,15.5105425823686,0,NaN,NaN,NaN,0,60,
,C02,ROX,N_covid,Unkn,,,12.9157671243913,12.9157671243913,0,NaN,NaN,NaN,0,60,
,C03,ROX,N_covid,Unkn,,,5.36940458961427,5.36940458961427,0,NaN,NaN,NaN,0,60,
,C04,ROX,N_covid,Unkn,,,14.8951619825218,14.8951619825218,0,NaN,NaN,NaN,0,60,
,C05,ROX,N_covid,Unkn,,,14.0940095400511,14.0940095400511,0,NaN,NaN,NaN,0,60,
,C06,ROX,N_covid,Unkn,,,5.67138196146796,5.67138196146796,0,NaN,NaN,NaN,0,60,
,C07,ROX,N_covid,Unkn,,,5.43164737250125,5.43164737250125,0,NaN,NaN,NaN,0,60,
,C08,ROX,N_covid,Unkn,,,5.56415778231482,5.56415778231482,0,NaN,NaN,NaN,0,60,
,C09,ROX,N_covid,Unkn,,,14.7077402985627,14.7077402985627,0,NaN,NaN,NaN,0,60,
,C10,ROX,N_covid,Unkn,,,14.5448394109245,14.5448394109245,0,NaN,NaN,NaN,0,60,
,C11,ROX,N_covid,Unkn,,,5.14327843657273,5.14327843657273,0,NaN,NaN,NaN,0,60,
,C12,ROX,N_covid,Unkn,,,14.0392430656552,14.0392430656552,0,NaN,NaN,NaN,0,60,
,D01,ROX,N_covid,Unkn,,,13.4615536488264,13.4615536488264,0,NaN,NaN,NaN,0,60,
,D02,ROX,N_covid,Unkn,,,15.2794949674347,15.2794949674347,0,NaN,NaN,NaN,0,60,
,D03,ROX,N_covid,Unkn,,,5.08721969496875,5.08721969496875,0,NaN,NaN,NaN,0,60,
,D04,ROX,N_covid,Unkn,,,14.3963969196251,14.3963969196251,0,NaN,NaN,NaN,0,60,
,D05,ROX,N_covid,Unkn,,,12.5625922699162,12.5625922699162,0,NaN,NaN,NaN,0,60,
,D06,ROX,N_covid,Unkn,,,5.56921044222805,5.56921044222805,0,NaN,NaN,NaN,0,60,
,D07,ROX,N_covid,Unkn,,,14.9902951879308,14.9902951879308,0,NaN,NaN,NaN,0,60,
,D08,ROX,N_covid,Unkn,,,12.8635067244116,12.8635067244116,0,NaN,NaN,NaN,0,60,
,D09,ROX,N_covid,Unkn,,,13.5982513594333,13.5982513594333,0,NaN,NaN,NaN,0,60,
,D10,ROX,N_covid,Unkn,,,13.1414635032646,13.1414635032646,0,NaN,NaN,NaN,0,60,
,D11,ROX,N_covid,Unkn,,,12.6743823729411,12.6743823729411,0,NaN,NaN,NaN,0,60,
,D12,ROX,N_covid,Unkn,,,15.2383514836213,15.2383514836213,0,NaN,NaN,NaN,0,60,
,E01,ROX,N_covid,Unkn,,,14.5669854863479,14.5669854863479,0,NaN,NaN,NaN,0,60,
,E02,ROX,N_covid,Unkn,,,15.2505012441659,15.2505012441659,0,NaN,NaN,NaN,0,60,
,E03,ROX,N_covid,Unkn,,,12.0818047160767,12.0818047160767,0,NaN,NaN,NaN,0,60,
,E04,ROX,N_covid,Unkn,,,12.1280329597708,12.1280329597708,0,NaN,NaN,NaN,0,60,
,E05,ROX,N_covid,Unkn,,,5.57834144353031,5.57834144353031,0,NaN,NaN,NaN,0,60,
,E06,ROX,N_covid,Unkn,,,14.7170663710574,14.7170663710574,0,NaN,NaN,NaN,0,60,
,E07,ROX,N_covid,Unkn,,,12.2001593133276,12.2001593133276,0,NaN,NaN,NaN,0,60,
,E08,ROX,N_covid,Unkn,,,13.1212203870422,13.1212203870422,0,NaN,NaN,NaN,0,60,
,E09,ROX,N_covid,Unkn,,,14.942760971895,14.942760971895,0,NaN,NaN,NaN,0,60,
,E10,ROX,N_covid,Unkn,,,14.0249464229369,14.0249464229369,0,NaN,NaN,NaN,0,60,
,E11,ROX,N_covid,Unkn,,,12.6424081542249,12.6424081542249,0,NaN,NaN,NaN,0,60,
,E12,ROX,N_covid,Unkn,,,14.0480604278905,14.0480604278905,0,NaN,NaN,NaN,0,60,
,F01,ROX,N_covid,Unkn,,,5.31238695184394,5.31238695184394,0,NaN,NaN,NaN,0,60,
,F02,ROX,N_covid,Unkn,,,12.7451544774794,12.7451544774794,0,NaN,NaN,NaN,0,60,
,F03,ROX,N_covid,Unkn,,,14.8456121306192,14.8456121306192,0,NaN,NaN,NaN,0,60,
,F04,ROX,N_covid,Unkn,,,5.62172804150539,5.62172804150539,0,NaN,NaN,NaN,0,60,
,F05,ROX,N_covid,Unkn,,,13.7033423139227,13.7033423139227,0,NaN,NaN,NaN,0,60,
,F06,ROX,N_covid,Unkn,,,14.1103422083317,14.1103422083317,0,NaN,NaN,NaN,0,60,
,F07,ROX,N_covid,Unkn,,,14.8397671466493,14.8397671466493,0,NaN,NaN,NaN,0,60,
,F08,ROX,N_covid,Unkn,,,14.2999348640712,14.2999348640712,0,NaN,NaN,NaN,0,60,
,F09,ROX,N_covid,Unkn,,,13.6711737454651,13.6711737454651,0,NaN,NaN,NaN,0,60,
,F10,ROX,N_covid,Unkn,,,13.9955246976978,13.9955246976978,0,NaN,NaN,NaN,0,60,
,F11,ROX,N_covid,Unkn,,,14.575427454946,14.575427454946,0,NaN,NaN,NaN,0,60,
,F12,ROX,N_covid,Unkn,,,14.1259662686924,14.1259662686924,0,NaN,NaN,NaN,0,60,
,G01,ROX,N_covid,Unkn,,,12.9656347362251,12.9656347362251,0,NaN,NaN,NaN,0,60,
,G02,ROX,N_covid,Unkn,,,14.4032722511197,14.4032722511197,0,NaN,NaN,NaN,0,60,
,G03,ROX,N_covid,Unkn,,,14.320689366961,14.320689366961,0,NaN,NaN,NaN,0,60,
,G04,ROX,N_covid,Unkn,,,14.6872586446672,14.6872586446672,0,NaN,NaN,NaN,0,60,
,G05,ROX,N_covid,Unkn,,,14.3820776718974,14.3820776718974,0,NaN,NaN,NaN,0,60,
,G06,ROX,N_covid,Unkn,,,13.1138277878544,13.1138277878544,0,NaN,NaN,NaN,0,60,
,G07,ROX,N_covid,Unkn,,,12.7246434568182,12.7246434568182,0,NaN,NaN,NaN,0,60,
,G08,ROX,N_covid,Unkn,,,14.7793445443931,14.7793445443931,0,NaN,NaN,NaN,0,60,
,G09,ROX,N_covid,Unkn,,,14.1129707704915,14.1129707704915,0,NaN,NaN,NaN,0,60,
,G10,ROX,N_covid,Unkn,,,13.9970840913828,13.9970840913828,0,NaN,NaN,NaN,0,60,
,G11,ROX,N_covid,Unkn,,,5.90242819715112,5.90242819715112,0,NaN,NaN,NaN,0,60,
,G12,ROX,N_covid,Unkn,,,13.0041306105674,13.0041306105674,0,NaN,NaN,NaN,0,60,
,H01,ROX,N_covid,Unkn,,,15.3147853073974,15.3147853073974,0,NaN,NaN,NaN,0,60,
,H02,ROX,N_covid,Unkn,,,5.32535669106303,5.32535669106303,0,NaN,NaN,NaN,0,60,
,H03,ROX,N_covid,Unkn,,,12.7460889415479,12.7460889415479,0,NaN,NaN,NaN,0,60,
,H04,ROX,N_covid,Unkn,,,14.4323075818663,14.4323075818663,0,NaN,NaN,NaN,0,60,
,H05,ROX,N_covid,Unkn,,,12.7079224130579,12.7079224130579,0,NaN,NaN,NaN,0,60,
,H06,ROX,N_covid,Unkn,,,5.43341524628313,5.43341524628313,0,NaN,NaN,NaN,0,60,
,H07,ROX,N_covid,Unkn,,,14.2732643526644,14.2732643526644,0,NaN,NaN,NaN,0,60,
,H08,ROX,N_covid,Unkn,,,13.086039684016,13.086039684016,0,NaN,NaN,NaN,0,60,
,H09,ROX,N_covid,Unkn,,,13.1700093400126,13.1700093400126,0,NaN,NaN,NaN,0,60,
,H10,ROX,N_covid,Unkn,,,14.3960314700563,14.3960314700563,0,NaN,NaN,NaN,0,60,
,H11,ROX,N_covid,Unkn,,,5.31345320000112,5.31345320000112,0,NaN,NaN,NaN,0,60,
,H12,ROX,N_covid,Unkn,,,5.10016326067388,5.10016326067388,0,NaN,NaN,NaN,0,60,
